model,accuracy,time
Ada_Boost_Classifier,95.3,0
Ada_Boost_Classifier,84.48,1
Ada_Boost_Classifier,93.0,2
Ada_Boost_Classifier,81.49,3
Ada_Boost_Classifier,78.11,4
Ada_Boost_Classifier,95.3,5
Ada_Boost_Classifier,81.49,6
Ada_Boost_Classifier,84.48,7
Ada_Boost_Classifier,84.48,8
Ada_Boost_Classifier,95.3,9
Ada_Boost_Classifier,78.11,10
Ada_Boost_Classifier,84.48,11
Ada_Boost_Classifier,93.0,12
Ada_Boost_Classifier,74.27,13
Ada_Boost_Classifier,84.48,14
Ada_Boost_Classifier,93.0,15
Ada_Boost_Classifier,84.48,16
Ada_Boost_Classifier,95.3,17
Ada_Boost_Classifier,95.3,18
Ada_Boost_Classifier,81.49,19
Ada_Boost_Classifier,81.49,20
Ada_Boost_Classifier,78.11,21
Ada_Boost_Classifier,81.49,22
Ada_Boost_Classifier,84.48,23
Ada_Boost_Classifier,94.25,24
Ada_Boost_Classifier,74.27,25
Ada_Boost_Classifier,81.49,26
Ada_Boost_Classifier,81.49,27
Ada_Boost_Classifier,95.3,28
Ada_Boost_Classifier,94.25,29
Ada_Boost_Classifier,81.49,30
Ada_Boost_Classifier,84.48,31
Ada_Boost_Classifier,84.48,32
Ada_Boost_Classifier,81.49,33
Ada_Boost_Classifier,91.49,34
Ada_Boost_Classifier,84.48,35
Ada_Boost_Classifier,93.0,36
Ada_Boost_Classifier,84.48,37
Ada_Boost_Classifier,81.49,38
Ada_Boost_Classifier,81.49,39
Ada_Boost_Classifier,94.25,40
Ada_Boost_Classifier,74.27,41
Ada_Boost_Classifier,81.49,42
Ada_Boost_Classifier,84.48,43
Ada_Boost_Classifier,78.11,44
Ada_Boost_Classifier,78.11,45
Ada_Boost_Classifier,94.69,46
Ada_Boost_Classifier,84.48,47
Ada_Boost_Classifier,94.25,48
Ada_Boost_Classifier,81.49,49
Ada_Boost_Classifier,93.0,50
Ada_Boost_Classifier,81.49,51
Ada_Boost_Classifier,84.48,52
Ada_Boost_Classifier,81.49,53
Ada_Boost_Classifier,94.25,54
Ada_Boost_Classifier,84.48,55
Ada_Boost_Classifier,74.27,56
Ada_Boost_Classifier,81.49,57
Ada_Boost_Classifier,81.49,58
Ada_Boost_Classifier,84.48,59
Ada_Boost_Classifier,74.27,60
Ada_Boost_Classifier,81.49,61
Ada_Boost_Classifier,84.48,62
Ada_Boost_Classifier,81.49,63
Ada_Boost_Classifier,84.48,64
Ada_Boost_Classifier,81.49,65
Ada_Boost_Classifier,78.11,66
Ada_Boost_Classifier,84.48,67
Ada_Boost_Classifier,93.0,68
Ada_Boost_Classifier,81.49,69
Ada_Boost_Classifier,93.0,70
Ada_Boost_Classifier,81.49,71
Ada_Boost_Classifier,93.0,72
Ada_Boost_Classifier,81.49,73
Ada_Boost_Classifier,84.48,74
Ada_Boost_Classifier,81.49,75
Ada_Boost_Classifier,81.49,76
Ada_Boost_Classifier,93.0,77
Ada_Boost_Classifier,81.49,78
Ada_Boost_Classifier,78.11,79
Ada_Boost_Classifier,81.49,80
Ada_Boost_Classifier,84.48,81
Ada_Boost_Classifier,81.49,82
Ada_Boost_Classifier,81.49,83
Ada_Boost_Classifier,84.48,84
Ada_Boost_Classifier,91.49,85
Ada_Boost_Classifier,84.48,86
Ada_Boost_Classifier,81.49,87
Ada_Boost_Classifier,93.0,88
Ada_Boost_Classifier,94.25,89
Ada_Boost_Classifier,81.5,90
Ada_Boost_Classifier,81.49,91
Ada_Boost_Classifier,81.49,92
Ada_Boost_Classifier,93.0,93
Ada_Boost_Classifier,95.3,94
Ada_Boost_Classifier,91.49,95
Ada_Boost_Classifier,84.48,96
Ada_Boost_Classifier,95.3,97
Ada_Boost_Classifier,93.0,98
Ada_Boost_Classifier,84.48,99
Ada_Boost_Classifier,84.48,100
Ada_Boost_Classifier,95.3,101
Ada_Boost_Classifier,74.27,102
Ada_Boost_Classifier,74.27,103
Ada_Boost_Classifier,74.27,104
Ada_Boost_Classifier,69.8,105
Ada_Boost_Classifier,81.49,106
Ada_Boost_Classifier,93.0,107
Ada_Boost_Classifier,81.49,108
Ada_Boost_Classifier,81.49,109
Ada_Boost_Classifier,81.49,110
Ada_Boost_Classifier,74.27,111
Ada_Boost_Classifier,93.0,112
Ada_Boost_Classifier,74.27,113
Ada_Boost_Classifier,93.0,114
Ada_Boost_Classifier,91.49,115
Ada_Boost_Classifier,74.27,116
Ada_Boost_Classifier,93.0,117
Ada_Boost_Classifier,74.27,118
Ada_Boost_Classifier,93.0,119
Ada_Boost_Classifier,81.49,120
Ada_Boost_Classifier,95.3,121
Ada_Boost_Classifier,78.11,122
Ada_Boost_Classifier,84.48,123
Ada_Boost_Classifier,84.48,124
Ada_Boost_Classifier,81.49,125
Ada_Boost_Classifier,78.11,126
Ada_Boost_Classifier,81.49,127
Ada_Boost_Classifier,74.27,128
Ada_Boost_Classifier,91.48,129
Ada_Boost_Classifier,81.49,130
Ada_Boost_Classifier,95.3,131
Ada_Boost_Classifier,78.11,132
Ada_Boost_Classifier,78.11,133
Ada_Boost_Classifier,81.49,134
Ada_Boost_Classifier,95.3,135
Ada_Boost_Classifier,81.49,136
Ada_Boost_Classifier,95.66,137
Ada_Boost_Classifier,78.11,138
Ada_Boost_Classifier,93.0,139
Ada_Boost_Classifier,84.48,140
Ada_Boost_Classifier,81.49,141
Ada_Boost_Classifier,84.48,142
Ada_Boost_Classifier,81.49,143
Ada_Boost_Classifier,81.5,144
Ada_Boost_Classifier,93.0,145
Ada_Boost_Classifier,91.48,146
Ada_Boost_Classifier,91.49,147
Ada_Boost_Classifier,81.49,148
Ada_Boost_Classifier,81.49,149
Ada_Boost_Classifier,81.49,150
Ada_Boost_Classifier,95.3,151
Ada_Boost_Classifier,78.11,152
Ada_Boost_Classifier,84.48,153
Ada_Boost_Classifier,78.11,154
Ada_Boost_Classifier,84.48,155
Ada_Boost_Classifier,81.49,156
Ada_Boost_Classifier,84.48,157
Ada_Boost_Classifier,77.9,158
Ada_Boost_Classifier,91.49,159
Ada_Boost_Classifier,81.49,160
Ada_Boost_Classifier,84.48,161
Ada_Boost_Classifier,84.48,162
Ada_Boost_Classifier,84.48,163
Ada_Boost_Classifier,78.11,164
Ada_Boost_Classifier,84.48,165
Ada_Boost_Classifier,81.49,166
Ada_Boost_Classifier,78.11,167
Ada_Boost_Classifier,84.48,168
Ada_Boost_Classifier,84.48,169
Ada_Boost_Classifier,81.5,170
Ada_Boost_Classifier,93.0,171
Ada_Boost_Classifier,78.11,172
Ada_Boost_Classifier,81.49,173
Ada_Boost_Classifier,84.48,174
Ada_Boost_Classifier,84.48,175
Ada_Boost_Classifier,93.0,176
Ada_Boost_Classifier,74.27,177
Ada_Boost_Classifier,84.48,178
Ada_Boost_Classifier,84.48,179
Ada_Boost_Classifier,81.49,180
Ada_Boost_Classifier,81.49,181
Ada_Boost_Classifier,81.49,182
Ada_Boost_Classifier,81.49,183
Ada_Boost_Classifier,93.0,184
Ada_Boost_Classifier,74.27,185
Ada_Boost_Classifier,84.48,186
Ada_Boost_Classifier,81.49,187
Ada_Boost_Classifier,91.49,188
Ada_Boost_Classifier,93.0,189
Ada_Boost_Classifier,69.8,190
Ada_Boost_Classifier,78.11,191
Ada_Boost_Classifier,94.25,192
Ada_Boost_Classifier,81.49,193
Ada_Boost_Classifier,93.0,194
Ada_Boost_Classifier,93.0,195
Ada_Boost_Classifier,93.0,196
Ada_Boost_Classifier,74.27,197
Ada_Boost_Classifier,78.11,198
Ada_Boost_Classifier,84.48,199
Ada_Boost_Classifier,93.0,200
Ada_Boost_Classifier,81.49,201
Ada_Boost_Classifier,93.0,202
Ada_Boost_Classifier,74.27,203
Ada_Boost_Classifier,74.27,204
Ada_Boost_Classifier,81.49,205
Ada_Boost_Classifier,81.49,206
Ada_Boost_Classifier,81.49,207
Ada_Boost_Classifier,84.48,208
Ada_Boost_Classifier,91.49,209
Ada_Boost_Classifier,81.5,210
Ada_Boost_Classifier,81.5,211
Ada_Boost_Classifier,78.11,212
Ada_Boost_Classifier,84.48,213
Ada_Boost_Classifier,81.49,214
Ada_Boost_Classifier,93.0,215
Ada_Boost_Classifier,84.48,216
Ada_Boost_Classifier,81.49,217
Ada_Boost_Classifier,74.27,218
Ada_Boost_Classifier,95.3,219
Ada_Boost_Classifier,91.49,220
Ada_Boost_Classifier,91.48,221
Ada_Boost_Classifier,78.11,222
Ada_Boost_Classifier,81.49,223
Ada_Boost_Classifier,81.49,224
Ada_Boost_Classifier,81.49,225
Ada_Boost_Classifier,95.3,226
Ada_Boost_Classifier,93.0,227
Ada_Boost_Classifier,81.49,228
Ada_Boost_Classifier,81.49,229
Ada_Boost_Classifier,84.48,230
Ada_Boost_Classifier,84.48,231
Ada_Boost_Classifier,74.27,232
Ada_Boost_Classifier,74.27,233
Ada_Boost_Classifier,93.0,234
Ada_Boost_Classifier,91.49,235
Ada_Boost_Classifier,84.48,236
Ada_Boost_Classifier,81.49,237
Ada_Boost_Classifier,81.49,238
Ada_Boost_Classifier,93.0,239
Ada_Boost_Classifier,81.49,240
Ada_Boost_Classifier,81.49,241
Ada_Boost_Classifier,81.5,242
Ada_Boost_Classifier,78.11,243
Ada_Boost_Classifier,81.49,244
Ada_Boost_Classifier,78.11,245
Ada_Boost_Classifier,84.48,246
Ada_Boost_Classifier,78.11,247
Ada_Boost_Classifier,81.49,248
Ada_Boost_Classifier,84.48,249
Ada_Boost_Classifier,81.49,250
Ada_Boost_Classifier,93.0,251
Ada_Boost_Classifier,93.0,252
Ada_Boost_Classifier,81.49,253
Ada_Boost_Classifier,81.49,254
Ada_Boost_Classifier,95.3,255
Ada_Boost_Classifier,81.49,256
Ada_Boost_Classifier,93.0,257
Ada_Boost_Classifier,81.49,258
Ada_Boost_Classifier,74.27,259
Ada_Boost_Classifier,81.49,260
Ada_Boost_Classifier,78.11,261
Ada_Boost_Classifier,95.3,262
Ada_Boost_Classifier,78.11,263
Ada_Boost_Classifier,81.49,264
Ada_Boost_Classifier,81.49,265
Ada_Boost_Classifier,81.49,266
Ada_Boost_Classifier,74.27,267
Ada_Boost_Classifier,78.11,268
Ada_Boost_Classifier,84.48,269
Ada_Boost_Classifier,93.0,270
Ada_Boost_Classifier,74.27,271
Ada_Boost_Classifier,81.49,272
Ada_Boost_Classifier,81.49,273
Ada_Boost_Classifier,84.48,274
Ada_Boost_Classifier,74.27,275
Ada_Boost_Classifier,81.49,276
Ada_Boost_Classifier,74.27,277
Ada_Boost_Classifier,84.48,278
Ada_Boost_Classifier,81.49,279
Ada_Boost_Classifier,74.27,280
Ada_Boost_Classifier,93.0,281
Ada_Boost_Classifier,78.11,282
Ada_Boost_Classifier,81.49,283
Ada_Boost_Classifier,84.48,284
Ada_Boost_Classifier,81.49,285
Ada_Boost_Classifier,93.0,286
Ada_Boost_Classifier,81.5,287
Ada_Boost_Classifier,78.11,288
Ada_Boost_Classifier,74.27,289
Ada_Boost_Classifier,81.49,290
Ada_Boost_Classifier,81.49,291
Ada_Boost_Classifier,84.48,292
Ada_Boost_Classifier,84.48,293
Ada_Boost_Classifier,84.48,294
Ada_Boost_Classifier,74.27,295
Ada_Boost_Classifier,81.5,296
Ada_Boost_Classifier,93.0,297
Ada_Boost_Classifier,95.3,298
Ada_Boost_Classifier,81.49,299
Ada_Boost_Classifier,81.49,300
Ada_Boost_Classifier,84.48,301
Ada_Boost_Classifier,84.48,302
Ada_Boost_Classifier,81.49,303
Ada_Boost_Classifier,81.49,304
Ada_Boost_Classifier,84.48,305
Ada_Boost_Classifier,84.48,306
Ada_Boost_Classifier,84.48,307
Ada_Boost_Classifier,84.48,308
Ada_Boost_Classifier,81.49,309
Ada_Boost_Classifier,81.49,310
Ada_Boost_Classifier,93.0,311
Ada_Boost_Classifier,74.27,312
Ada_Boost_Classifier,81.49,313
Ada_Boost_Classifier,78.11,314
Ada_Boost_Classifier,81.5,315
Ada_Boost_Classifier,78.11,316
Ada_Boost_Classifier,95.3,317
Ada_Boost_Classifier,81.5,318
Ada_Boost_Classifier,84.48,319
Ada_Boost_Classifier,81.49,320
Ada_Boost_Classifier,81.49,321
Ada_Boost_Classifier,84.48,322
Ada_Boost_Classifier,74.27,323
Ada_Boost_Classifier,95.3,324
Ada_Boost_Classifier,84.48,325
Ada_Boost_Classifier,84.48,326
Ada_Boost_Classifier,84.48,327
Ada_Boost_Classifier,81.49,328
Ada_Boost_Classifier,74.27,329
Ada_Boost_Classifier,91.49,330
Ada_Boost_Classifier,74.27,331
Ada_Boost_Classifier,81.49,332
Ada_Boost_Classifier,95.3,333
Ada_Boost_Classifier,78.11,334
Ada_Boost_Classifier,81.49,335
Ada_Boost_Classifier,81.49,336
Ada_Boost_Classifier,81.49,337
Ada_Boost_Classifier,91.49,338
Ada_Boost_Classifier,81.49,339
Ada_Boost_Classifier,93.0,340
Ada_Boost_Classifier,84.48,341
Ada_Boost_Classifier,74.27,342
Ada_Boost_Classifier,84.48,343
Ada_Boost_Classifier,74.27,344
Ada_Boost_Classifier,81.49,345
Ada_Boost_Classifier,81.49,346
Ada_Boost_Classifier,84.48,347
Ada_Boost_Classifier,81.49,348
Ada_Boost_Classifier,93.0,349
Ada_Boost_Classifier,94.25,350
Ada_Boost_Classifier,81.49,351
Ada_Boost_Classifier,94.32,352
Ada_Boost_Classifier,84.48,353
Ada_Boost_Classifier,84.48,354
Ada_Boost_Classifier,81.49,355
Ada_Boost_Classifier,81.49,356
Ada_Boost_Classifier,74.27,357
Ada_Boost_Classifier,91.49,358
Ada_Boost_Classifier,84.48,359
Ada_Boost_Classifier,81.49,360
Ada_Boost_Classifier,81.49,361
Ada_Boost_Classifier,95.3,362
Ada_Boost_Classifier,84.48,363
Ada_Boost_Classifier,81.49,364
Ada_Boost_Classifier,78.11,365
Ada_Boost_Classifier,78.11,366
Ada_Boost_Classifier,93.0,367
Ada_Boost_Classifier,81.5,368
Ada_Boost_Classifier,84.48,369
Ada_Boost_Classifier,81.49,370
Ada_Boost_Classifier,91.49,371
Ada_Boost_Classifier,74.27,372
Ada_Boost_Classifier,78.11,373
Ada_Boost_Classifier,81.5,374
Ada_Boost_Classifier,91.49,375
Ada_Boost_Classifier,91.49,376
Ada_Boost_Classifier,93.0,377
Ada_Boost_Classifier,81.49,378
Ada_Boost_Classifier,93.0,379
Ada_Boost_Classifier,84.48,380
Ada_Boost_Classifier,84.48,381
Ada_Boost_Classifier,78.11,382
Ada_Boost_Classifier,74.27,383
Ada_Boost_Classifier,93.0,384
Ada_Boost_Classifier,93.0,385
Ada_Boost_Classifier,91.49,386
Ada_Boost_Classifier,84.48,387
Ada_Boost_Classifier,84.48,388
Ada_Boost_Classifier,74.27,389
Ada_Boost_Classifier,81.49,390
Ada_Boost_Classifier,77.9,391
Ada_Boost_Classifier,74.27,392
Ada_Boost_Classifier,74.27,393
Ada_Boost_Classifier,91.49,394
Ada_Boost_Classifier,74.27,395
Ada_Boost_Classifier,91.49,396
Ada_Boost_Classifier,74.27,397
Ada_Boost_Classifier,84.48,398
Ada_Boost_Classifier,91.49,399
Ada_Boost_Classifier,91.49,400
Ada_Boost_Classifier,81.49,401
Ada_Boost_Classifier,81.49,402
Ada_Boost_Classifier,81.49,403
Ada_Boost_Classifier,81.5,404
Ada_Boost_Classifier,95.3,405
Ada_Boost_Classifier,91.49,406
Ada_Boost_Classifier,84.48,407
Ada_Boost_Classifier,84.48,408
Ada_Boost_Classifier,81.49,409
Ada_Boost_Classifier,81.49,410
Ada_Boost_Classifier,78.11,411
Ada_Boost_Classifier,91.49,412
Ada_Boost_Classifier,84.48,413
Ada_Boost_Classifier,78.11,414
Ada_Boost_Classifier,74.27,415
Ada_Boost_Classifier,74.27,416
Ada_Boost_Classifier,81.5,417
Ada_Boost_Classifier,93.0,418
Ada_Boost_Classifier,74.27,419
Ada_Boost_Classifier,74.27,420
Ada_Boost_Classifier,81.49,421
Ada_Boost_Classifier,74.27,422
Ada_Boost_Classifier,78.11,423
Ada_Boost_Classifier,74.27,424
Ada_Boost_Classifier,93.0,425
Ada_Boost_Classifier,78.11,426
Ada_Boost_Classifier,94.25,427
Ada_Boost_Classifier,91.48,428
Ada_Boost_Classifier,81.49,429
Ada_Boost_Classifier,74.27,430
Ada_Boost_Classifier,81.49,431
Ada_Boost_Classifier,84.48,432
Ada_Boost_Classifier,94.25,433
Ada_Boost_Classifier,81.49,434
Ada_Boost_Classifier,74.27,435
Ada_Boost_Classifier,78.11,436
Ada_Boost_Classifier,84.48,437
Ada_Boost_Classifier,81.49,438
Ada_Boost_Classifier,81.49,439
Ada_Boost_Classifier,74.27,440
Ada_Boost_Classifier,78.11,441
Ada_Boost_Classifier,81.49,442
Ada_Boost_Classifier,93.0,443
Ada_Boost_Classifier,81.49,444
Ada_Boost_Classifier,93.0,445
Ada_Boost_Classifier,93.0,446
Ada_Boost_Classifier,74.27,447
Ada_Boost_Classifier,84.48,448
Ada_Boost_Classifier,84.48,449
Ada_Boost_Classifier,81.49,450
Ada_Boost_Classifier,91.49,451
Ada_Boost_Classifier,93.0,452
Ada_Boost_Classifier,74.27,453
Ada_Boost_Classifier,81.49,454
Ada_Boost_Classifier,84.48,455
Ada_Boost_Classifier,84.48,456
Ada_Boost_Classifier,74.27,457
Ada_Boost_Classifier,93.0,458
Ada_Boost_Classifier,84.48,459
Ada_Boost_Classifier,95.3,460
Ada_Boost_Classifier,74.27,461
Ada_Boost_Classifier,84.48,462
Ada_Boost_Classifier,93.0,463
Ada_Boost_Classifier,81.49,464
Ada_Boost_Classifier,93.0,465
Ada_Boost_Classifier,84.48,466
Ada_Boost_Classifier,94.25,467
Ada_Boost_Classifier,95.3,468
Ada_Boost_Classifier,84.48,469
Ada_Boost_Classifier,84.48,470
Ada_Boost_Classifier,93.0,471
Ada_Boost_Classifier,81.49,472
Ada_Boost_Classifier,81.49,473
Ada_Boost_Classifier,74.27,474
Ada_Boost_Classifier,74.27,475
Ada_Boost_Classifier,93.0,476
Ada_Boost_Classifier,91.49,477
Ada_Boost_Classifier,91.48,478
Ada_Boost_Classifier,94.25,479
Ada_Boost_Classifier,94.25,480
Ada_Boost_Classifier,74.27,481
Ada_Boost_Classifier,93.0,482
Ada_Boost_Classifier,81.49,483
Ada_Boost_Classifier,91.49,484
Ada_Boost_Classifier,93.0,485
Ada_Boost_Classifier,81.49,486
Ada_Boost_Classifier,78.11,487
Ada_Boost_Classifier,81.49,488
Ada_Boost_Classifier,81.49,489
Ada_Boost_Classifier,93.0,490
Ada_Boost_Classifier,78.11,491
Ada_Boost_Classifier,78.11,492
Ada_Boost_Classifier,81.5,493
Ada_Boost_Classifier,81.49,494
Ada_Boost_Classifier,84.48,495
Ada_Boost_Classifier,74.27,496
Ada_Boost_Classifier,81.49,497
Ada_Boost_Classifier,91.49,498
Ada_Boost_Classifier,91.49,499
Ada_Boost_Classifier,81.49,500
Ada_Boost_Classifier,93.0,501
Ada_Boost_Classifier,81.49,502
Ada_Boost_Classifier,81.49,503
Ada_Boost_Classifier,74.27,504
Ada_Boost_Classifier,81.49,505
Ada_Boost_Classifier,84.48,506
Ada_Boost_Classifier,94.32,507
Ada_Boost_Classifier,93.0,508
Ada_Boost_Classifier,81.49,509
Ada_Boost_Classifier,81.49,510
Ada_Boost_Classifier,81.49,511
Ada_Boost_Classifier,93.0,512
Ada_Boost_Classifier,78.11,513
Ada_Boost_Classifier,84.48,514
Ada_Boost_Classifier,81.49,515
Ada_Boost_Classifier,93.0,516
Ada_Boost_Classifier,78.11,517
Ada_Boost_Classifier,81.49,518
Ada_Boost_Classifier,93.0,519
Ada_Boost_Classifier,78.11,520
Ada_Boost_Classifier,84.48,521
Ada_Boost_Classifier,84.48,522
Ada_Boost_Classifier,78.11,523
Ada_Boost_Classifier,91.49,524
Ada_Boost_Classifier,94.25,525
Ada_Boost_Classifier,74.27,526
Ada_Boost_Classifier,74.27,527
Ada_Boost_Classifier,81.49,528
Ada_Boost_Classifier,84.48,529
Ada_Boost_Classifier,84.48,530
Ada_Boost_Classifier,95.3,531
Ada_Boost_Classifier,84.48,532
Ada_Boost_Classifier,94.25,533
Ada_Boost_Classifier,74.27,534
Ada_Boost_Classifier,93.0,535
Ada_Boost_Classifier,81.49,536
Ada_Boost_Classifier,81.49,537
Ada_Boost_Classifier,84.48,538
Ada_Boost_Classifier,84.48,539
Ada_Boost_Classifier,84.48,540
Ada_Boost_Classifier,78.11,541
Ada_Boost_Classifier,94.25,542
Ada_Boost_Classifier,94.25,543
Ada_Boost_Classifier,81.49,544
Ada_Boost_Classifier,95.3,545
Ada_Boost_Classifier,78.11,546
Ada_Boost_Classifier,74.27,547
Ada_Boost_Classifier,84.48,548
Ada_Boost_Classifier,91.49,549
Ada_Boost_Classifier,78.11,550
Ada_Boost_Classifier,81.49,551
Ada_Boost_Classifier,91.49,552
Ada_Boost_Classifier,91.49,553
Ada_Boost_Classifier,84.48,554
Ada_Boost_Classifier,84.48,555
Ada_Boost_Classifier,84.48,556
Ada_Boost_Classifier,95.3,557
Ada_Boost_Classifier,84.48,558
Ada_Boost_Classifier,74.27,559
Ada_Boost_Classifier,84.48,560
Ada_Boost_Classifier,81.49,561
Ada_Boost_Classifier,74.27,562
Ada_Boost_Classifier,81.49,563
Ada_Boost_Classifier,81.49,564
Ada_Boost_Classifier,81.49,565
Ada_Boost_Classifier,93.0,566
Ada_Boost_Classifier,74.27,567
Ada_Boost_Classifier,78.11,568
Ada_Boost_Classifier,81.49,569
Ada_Boost_Classifier,81.49,570
Ada_Boost_Classifier,84.48,571
Ada_Boost_Classifier,93.0,572
Ada_Boost_Classifier,95.3,573
Ada_Boost_Classifier,84.48,574
Ada_Boost_Classifier,84.48,575
Ada_Boost_Classifier,78.11,576
Ada_Boost_Classifier,84.48,577
Ada_Boost_Classifier,91.49,578
Ada_Boost_Classifier,81.49,579
Ada_Boost_Classifier,84.48,580
Ada_Boost_Classifier,81.49,581
Ada_Boost_Classifier,93.0,582
Ada_Boost_Classifier,78.11,583
Ada_Boost_Classifier,93.0,584
Ada_Boost_Classifier,93.0,585
Ada_Boost_Classifier,84.48,586
Ada_Boost_Classifier,93.0,587
Ada_Boost_Classifier,74.27,588
Ada_Boost_Classifier,81.49,589
Ada_Boost_Classifier,84.48,590
Ada_Boost_Classifier,93.0,591
Ada_Boost_Classifier,95.3,592
Ada_Boost_Classifier,93.0,593
Ada_Boost_Classifier,95.3,594
Ada_Boost_Classifier,84.48,595
Ada_Boost_Classifier,81.49,596
Ada_Boost_Classifier,94.25,597
Ada_Boost_Classifier,74.27,598
Ada_Boost_Classifier,81.49,599
Ada_Boost_Classifier,74.27,600
Ada_Boost_Classifier,93.0,601
Ada_Boost_Classifier,78.11,602
Ada_Boost_Classifier,95.3,603
Ada_Boost_Classifier,74.27,604
Ada_Boost_Classifier,84.48,605
Ada_Boost_Classifier,91.49,606
Ada_Boost_Classifier,78.11,607
Ada_Boost_Classifier,77.9,608
Ada_Boost_Classifier,84.48,609
Ada_Boost_Classifier,78.11,610
Ada_Boost_Classifier,93.0,611
Ada_Boost_Classifier,91.49,612
Ada_Boost_Classifier,91.48,613
Ada_Boost_Classifier,93.0,614
Ada_Boost_Classifier,93.0,615
Ada_Boost_Classifier,95.3,616
Ada_Boost_Classifier,84.48,617
Ada_Boost_Classifier,84.48,618
Ada_Boost_Classifier,81.49,619
Ada_Boost_Classifier,74.27,620
Ada_Boost_Classifier,81.49,621
Ada_Boost_Classifier,81.49,622
Ada_Boost_Classifier,77.9,623
Ada_Boost_Classifier,74.27,624
Ada_Boost_Classifier,81.5,625
Ada_Boost_Classifier,81.49,626
Ada_Boost_Classifier,84.48,627
Ada_Boost_Classifier,81.49,628
Ada_Boost_Classifier,74.27,629
Ada_Boost_Classifier,84.48,630
Ada_Boost_Classifier,84.48,631
Ada_Boost_Classifier,84.48,632
Ada_Boost_Classifier,84.48,633
Ada_Boost_Classifier,84.48,634
Ada_Boost_Classifier,81.49,635
Ada_Boost_Classifier,74.27,636
Ada_Boost_Classifier,81.49,637
Ada_Boost_Classifier,95.3,638
Ada_Boost_Classifier,93.0,639
Ada_Boost_Classifier,81.49,640
Ada_Boost_Classifier,78.11,641
Ada_Boost_Classifier,84.48,642
Ada_Boost_Classifier,81.49,643
Ada_Boost_Classifier,93.0,644
Ada_Boost_Classifier,74.27,645
Ada_Boost_Classifier,81.49,646
Ada_Boost_Classifier,74.27,647
Ada_Boost_Classifier,93.0,648
Ada_Boost_Classifier,84.48,649
Ada_Boost_Classifier,93.0,650
Ada_Boost_Classifier,84.48,651
Ada_Boost_Classifier,81.49,652
Ada_Boost_Classifier,74.27,653
Ada_Boost_Classifier,81.49,654
Ada_Boost_Classifier,91.49,655
Ada_Boost_Classifier,81.49,656
Ada_Boost_Classifier,81.49,657
Ada_Boost_Classifier,93.0,658
Ada_Boost_Classifier,93.0,659
Ada_Boost_Classifier,81.49,660
Ada_Boost_Classifier,93.0,661
Ada_Boost_Classifier,84.48,662
Ada_Boost_Classifier,81.49,663
Ada_Boost_Classifier,81.49,664
Ada_Boost_Classifier,84.48,665
Ada_Boost_Classifier,78.11,666
Ada_Boost_Classifier,84.48,667
Ada_Boost_Classifier,91.49,668
Ada_Boost_Classifier,84.48,669
Ada_Boost_Classifier,84.48,670
Ada_Boost_Classifier,81.49,671
Ada_Boost_Classifier,93.0,672
Ada_Boost_Classifier,93.0,673
Ada_Boost_Classifier,95.3,674
Ada_Boost_Classifier,95.3,675
Ada_Boost_Classifier,81.49,676
Ada_Boost_Classifier,74.27,677
Ada_Boost_Classifier,81.49,678
Ada_Boost_Classifier,84.48,679
Ada_Boost_Classifier,95.3,680
Ada_Boost_Classifier,78.11,681
Ada_Boost_Classifier,77.9,682
Ada_Boost_Classifier,95.3,683
Ada_Boost_Classifier,84.48,684
Ada_Boost_Classifier,81.49,685
Ada_Boost_Classifier,84.48,686
Ada_Boost_Classifier,74.27,687
Ada_Boost_Classifier,84.48,688
Ada_Boost_Classifier,93.0,689
Ada_Boost_Classifier,81.49,690
Ada_Boost_Classifier,81.49,691
Ada_Boost_Classifier,93.0,692
Ada_Boost_Classifier,93.0,693
Ada_Boost_Classifier,81.5,694
Ada_Boost_Classifier,81.49,695
Ada_Boost_Classifier,84.48,696
Ada_Boost_Classifier,81.49,697
Ada_Boost_Classifier,74.27,698
Ada_Boost_Classifier,94.25,699
Ada_Boost_Classifier,81.49,700
Ada_Boost_Classifier,84.48,701
Ada_Boost_Classifier,74.27,702
Ada_Boost_Classifier,78.11,703
Ada_Boost_Classifier,74.27,704
Ada_Boost_Classifier,81.49,705
Ada_Boost_Classifier,81.49,706
Ada_Boost_Classifier,81.49,707
Ada_Boost_Classifier,81.49,708
Ada_Boost_Classifier,74.27,709
Ada_Boost_Classifier,81.49,710
Ada_Boost_Classifier,81.5,711
Ada_Boost_Classifier,84.48,712
Ada_Boost_Classifier,74.27,713
Ada_Boost_Classifier,84.48,714
Ada_Boost_Classifier,74.27,715
Ada_Boost_Classifier,95.3,716
Ada_Boost_Classifier,93.0,717
Ada_Boost_Classifier,81.49,718
Ada_Boost_Classifier,78.11,719
Ada_Boost_Classifier,81.49,720
Ada_Boost_Classifier,93.0,721
Ada_Boost_Classifier,81.49,722
Ada_Boost_Classifier,81.49,723
Ada_Boost_Classifier,74.27,724
Ada_Boost_Classifier,91.49,725
Ada_Boost_Classifier,81.5,726
Ada_Boost_Classifier,84.48,727
Ada_Boost_Classifier,84.48,728
Ada_Boost_Classifier,81.49,729
Ada_Boost_Classifier,93.0,730
Ada_Boost_Classifier,93.0,731
Ada_Boost_Classifier,93.0,732
Ada_Boost_Classifier,78.11,733
Ada_Boost_Classifier,78.11,734
Ada_Boost_Classifier,84.48,735
Ada_Boost_Classifier,81.49,736
Ada_Boost_Classifier,93.0,737
Ada_Boost_Classifier,77.9,738
Ada_Boost_Classifier,84.48,739
Ada_Boost_Classifier,95.3,740
Ada_Boost_Classifier,95.3,741
Ada_Boost_Classifier,91.49,742
Ada_Boost_Classifier,84.48,743
Ada_Boost_Classifier,81.49,744
Ada_Boost_Classifier,94.25,745
Ada_Boost_Classifier,84.48,746
Ada_Boost_Classifier,81.49,747
Ada_Boost_Classifier,93.0,748
Ada_Boost_Classifier,91.49,749
Ada_Boost_Classifier,78.11,750
Ada_Boost_Classifier,78.11,751
Ada_Boost_Classifier,94.25,752
Ada_Boost_Classifier,81.49,753
Ada_Boost_Classifier,93.0,754
Ada_Boost_Classifier,91.49,755
Ada_Boost_Classifier,93.0,756
Ada_Boost_Classifier,81.49,757
Ada_Boost_Classifier,74.27,758
Ada_Boost_Classifier,94.32,759
Ada_Boost_Classifier,93.0,760
Ada_Boost_Classifier,81.49,761
Ada_Boost_Classifier,77.9,762
Ada_Boost_Classifier,93.0,763
Ada_Boost_Classifier,74.27,764
Ada_Boost_Classifier,93.0,765
Ada_Boost_Classifier,94.25,766
Ada_Boost_Classifier,81.49,767
Ada_Boost_Classifier,74.27,768
Ada_Boost_Classifier,84.48,769
Ada_Boost_Classifier,91.49,770
Ada_Boost_Classifier,93.0,771
Ada_Boost_Classifier,91.49,772
Ada_Boost_Classifier,84.48,773
Ada_Boost_Classifier,84.48,774
Ada_Boost_Classifier,74.27,775
Ada_Boost_Classifier,84.48,776
Ada_Boost_Classifier,84.48,777
Ada_Boost_Classifier,84.48,778
Ada_Boost_Classifier,81.49,779
Ada_Boost_Classifier,94.25,780
Ada_Boost_Classifier,93.0,781
Ada_Boost_Classifier,94.25,782
Ada_Boost_Classifier,91.49,783
Ada_Boost_Classifier,81.49,784
Ada_Boost_Classifier,74.27,785
Ada_Boost_Classifier,74.27,786
Ada_Boost_Classifier,93.0,787
Ada_Boost_Classifier,93.0,788
Ada_Boost_Classifier,77.9,789
Ada_Boost_Classifier,93.0,790
Ada_Boost_Classifier,84.48,791
Ada_Boost_Classifier,91.49,792
Ada_Boost_Classifier,81.49,793
Ada_Boost_Classifier,81.49,794
Ada_Boost_Classifier,74.27,795
Ada_Boost_Classifier,81.49,796
Ada_Boost_Classifier,81.49,797
Ada_Boost_Classifier,78.11,798
Ada_Boost_Classifier,93.0,799
Ada_Boost_Classifier,81.49,800
Ada_Boost_Classifier,93.0,801
Ada_Boost_Classifier,84.48,802
Ada_Boost_Classifier,84.48,803
Ada_Boost_Classifier,78.11,804
Ada_Boost_Classifier,84.48,805
Ada_Boost_Classifier,81.49,806
Ada_Boost_Classifier,91.49,807
Ada_Boost_Classifier,93.0,808
Ada_Boost_Classifier,81.49,809
Ada_Boost_Classifier,81.49,810
Ada_Boost_Classifier,74.27,811
Ada_Boost_Classifier,81.49,812
Ada_Boost_Classifier,81.49,813
Ada_Boost_Classifier,84.48,814
Ada_Boost_Classifier,91.48,815
Ada_Boost_Classifier,91.49,816
Ada_Boost_Classifier,91.49,817
Ada_Boost_Classifier,81.49,818
Ada_Boost_Classifier,95.3,819
Ada_Boost_Classifier,81.49,820
Ada_Boost_Classifier,93.0,821
Ada_Boost_Classifier,81.49,822
Ada_Boost_Classifier,78.11,823
Ada_Boost_Classifier,81.49,824
Ada_Boost_Classifier,81.49,825
Ada_Boost_Classifier,78.11,826
Ada_Boost_Classifier,95.3,827
Ada_Boost_Classifier,81.49,828
Ada_Boost_Classifier,78.11,829
Ada_Boost_Classifier,95.3,830
Ada_Boost_Classifier,95.3,831
Ada_Boost_Classifier,81.49,832
Ada_Boost_Classifier,93.0,833
Ada_Boost_Classifier,93.0,834
Ada_Boost_Classifier,81.49,835
Ada_Boost_Classifier,74.27,836
Ada_Boost_Classifier,81.49,837
Ada_Boost_Classifier,84.48,838
Ada_Boost_Classifier,74.27,839
Ada_Boost_Classifier,84.48,840
Ada_Boost_Classifier,81.49,841
Ada_Boost_Classifier,78.11,842
Ada_Boost_Classifier,95.3,843
Ada_Boost_Classifier,84.48,844
Ada_Boost_Classifier,78.11,845
Ada_Boost_Classifier,78.11,846
Ada_Boost_Classifier,78.11,847
Ada_Boost_Classifier,84.48,848
Ada_Boost_Classifier,84.48,849
Ada_Boost_Classifier,91.49,850
Ada_Boost_Classifier,81.49,851
Ada_Boost_Classifier,81.49,852
Ada_Boost_Classifier,81.49,853
Ada_Boost_Classifier,91.49,854
Ada_Boost_Classifier,74.27,855
Ada_Boost_Classifier,78.11,856
Ada_Boost_Classifier,81.49,857
Ada_Boost_Classifier,81.49,858
Ada_Boost_Classifier,74.27,859
Ada_Boost_Classifier,81.49,860
Ada_Boost_Classifier,74.27,861
Ada_Boost_Classifier,81.49,862
Ada_Boost_Classifier,81.49,863
Ada_Boost_Classifier,95.3,864
Ada_Boost_Classifier,74.27,865
Ada_Boost_Classifier,74.27,866
Ada_Boost_Classifier,81.49,867
Ada_Boost_Classifier,84.48,868
Ada_Boost_Classifier,84.48,869
Ada_Boost_Classifier,84.48,870
Ada_Boost_Classifier,69.8,871
Ada_Boost_Classifier,81.49,872
Ada_Boost_Classifier,81.49,873
Ada_Boost_Classifier,95.3,874
Ada_Boost_Classifier,81.49,875
Ada_Boost_Classifier,81.49,876
Ada_Boost_Classifier,81.49,877
Ada_Boost_Classifier,95.3,878
Ada_Boost_Classifier,81.49,879
Ada_Boost_Classifier,74.27,880
Ada_Boost_Classifier,84.48,881
Ada_Boost_Classifier,84.48,882
Ada_Boost_Classifier,84.48,883
Ada_Boost_Classifier,81.49,884
Ada_Boost_Classifier,74.27,885
Ada_Boost_Classifier,74.27,886
Ada_Boost_Classifier,74.27,887
Ada_Boost_Classifier,84.48,888
Ada_Boost_Classifier,81.49,889
Ada_Boost_Classifier,84.48,890
Ada_Boost_Classifier,84.48,891
Ada_Boost_Classifier,94.25,892
Ada_Boost_Classifier,84.48,893
Ada_Boost_Classifier,93.0,894
Ada_Boost_Classifier,74.27,895
Ada_Boost_Classifier,78.11,896
Ada_Boost_Classifier,84.48,897
Ada_Boost_Classifier,93.0,898
Ada_Boost_Classifier,78.11,899
Ada_Boost_Classifier,84.48,900
Ada_Boost_Classifier,95.3,901
Ada_Boost_Classifier,84.48,902
Ada_Boost_Classifier,81.49,903
Ada_Boost_Classifier,81.49,904
Ada_Boost_Classifier,81.49,905
Ada_Boost_Classifier,81.49,906
Ada_Boost_Classifier,74.27,907
Ada_Boost_Classifier,81.49,908
Ada_Boost_Classifier,74.27,909
Ada_Boost_Classifier,84.48,910
Ada_Boost_Classifier,93.0,911
Ada_Boost_Classifier,74.27,912
Ada_Boost_Classifier,81.49,913
Ada_Boost_Classifier,69.8,914
Ada_Boost_Classifier,91.49,915
Ada_Boost_Classifier,84.48,916
Ada_Boost_Classifier,91.49,917
Ada_Boost_Classifier,84.48,918
Ada_Boost_Classifier,91.49,919
Ada_Boost_Classifier,84.48,920
Ada_Boost_Classifier,77.9,921
Ada_Boost_Classifier,95.3,922
Ada_Boost_Classifier,93.0,923
Ada_Boost_Classifier,74.27,924
Ada_Boost_Classifier,74.27,925
Ada_Boost_Classifier,81.49,926
Ada_Boost_Classifier,94.32,927
Ada_Boost_Classifier,78.11,928
Ada_Boost_Classifier,84.48,929
Ada_Boost_Classifier,93.0,930
Ada_Boost_Classifier,78.11,931
Ada_Boost_Classifier,95.3,932
Ada_Boost_Classifier,81.49,933
Ada_Boost_Classifier,93.0,934
Ada_Boost_Classifier,84.48,935
Ada_Boost_Classifier,94.25,936
Ada_Boost_Classifier,81.49,937
Ada_Boost_Classifier,81.49,938
Ada_Boost_Classifier,74.27,939
Ada_Boost_Classifier,81.49,940
Ada_Boost_Classifier,81.49,941
Ada_Boost_Classifier,94.25,942
Ada_Boost_Classifier,81.49,943
Ada_Boost_Classifier,81.49,944
Ada_Boost_Classifier,81.49,945
Ada_Boost_Classifier,74.27,946
Ada_Boost_Classifier,81.49,947
Ada_Boost_Classifier,81.49,948
Ada_Boost_Classifier,81.49,949
Ada_Boost_Classifier,84.48,950
Ada_Boost_Classifier,84.48,951
Ada_Boost_Classifier,91.49,952
Ada_Boost_Classifier,93.0,953
Ada_Boost_Classifier,81.49,954
Ada_Boost_Classifier,81.49,955
Ada_Boost_Classifier,84.48,956
Ada_Boost_Classifier,74.27,957
Ada_Boost_Classifier,78.11,958
Ada_Boost_Classifier,93.0,959
Ada_Boost_Classifier,81.49,960
Ada_Boost_Classifier,91.49,961
Ada_Boost_Classifier,78.11,962
Ada_Boost_Classifier,95.3,963
Ada_Boost_Classifier,74.27,964
Ada_Boost_Classifier,81.5,965
Ada_Boost_Classifier,81.5,966
Ada_Boost_Classifier,81.49,967
Ada_Boost_Classifier,93.0,968
Ada_Boost_Classifier,84.48,969
Ada_Boost_Classifier,84.48,970
Ada_Boost_Classifier,84.48,971
Ada_Boost_Classifier,93.0,972
Ada_Boost_Classifier,91.49,973
Ada_Boost_Classifier,93.0,974
Ada_Boost_Classifier,78.11,975
Ada_Boost_Classifier,74.27,976
Ada_Boost_Classifier,74.27,977
Ada_Boost_Classifier,81.5,978
Ada_Boost_Classifier,81.49,979
Ada_Boost_Classifier,84.48,980
Ada_Boost_Classifier,81.49,981
Ada_Boost_Classifier,74.27,982
Ada_Boost_Classifier,81.49,983
Ada_Boost_Classifier,84.48,984
Ada_Boost_Classifier,93.0,985
Ada_Boost_Classifier,81.49,986
Ada_Boost_Classifier,78.11,987
Ada_Boost_Classifier,91.49,988
Ada_Boost_Classifier,93.0,989
Ada_Boost_Classifier,81.49,990
Ada_Boost_Classifier,81.49,991
Ada_Boost_Classifier,74.27,992
Ada_Boost_Classifier,93.0,993
Ada_Boost_Classifier,81.49,994
Ada_Boost_Classifier,91.49,995
Ada_Boost_Classifier,84.48,996
Ada_Boost_Classifier,81.49,997
Ada_Boost_Classifier,81.49,998
Ada_Boost_Classifier,91.49,999
Ada_Boost_Classifier,91.49,1000
Ada_Boost_Classifier,81.49,1001
Ada_Boost_Classifier,74.27,1002
Ada_Boost_Classifier,74.27,1003
Ada_Boost_Classifier,93.0,1004
Ada_Boost_Classifier,93.0,1005
Ada_Boost_Classifier,93.0,1006
Ada_Boost_Classifier,78.11,1007
Ada_Boost_Classifier,77.91,1008
Ada_Boost_Classifier,81.49,1009
Ada_Boost_Classifier,81.49,1010
Ada_Boost_Classifier,93.0,1011
Ada_Boost_Classifier,84.48,1012
Ada_Boost_Classifier,74.27,1013
Ada_Boost_Classifier,93.0,1014
Ada_Boost_Classifier,78.11,1015
Ada_Boost_Classifier,81.49,1016
Ada_Boost_Classifier,93.0,1017
Ada_Boost_Classifier,74.27,1018
Ada_Boost_Classifier,93.0,1019
Ada_Boost_Classifier,81.5,1020
Ada_Boost_Classifier,95.3,1021
Ada_Boost_Classifier,81.49,1022
Ada_Boost_Classifier,81.49,1023
Ada_Boost_Classifier,78.11,1024
Ada_Boost_Classifier,93.0,1025
Ada_Boost_Classifier,81.49,1026
Ada_Boost_Classifier,95.3,1027
Ada_Boost_Classifier,78.11,1028
Ada_Boost_Classifier,81.49,1029
Ada_Boost_Classifier,84.48,1030
Ada_Boost_Classifier,81.49,1031
Ada_Boost_Classifier,81.49,1032
Ada_Boost_Classifier,94.25,1033
Ada_Boost_Classifier,94.32,1034
Ada_Boost_Classifier,94.25,1035
Ada_Boost_Classifier,84.48,1036
Ada_Boost_Classifier,78.11,1037
Ada_Boost_Classifier,81.49,1038
Ada_Boost_Classifier,93.0,1039
Ada_Boost_Classifier,81.49,1040
Ada_Boost_Classifier,93.0,1041
Ada_Boost_Classifier,84.48,1042
Ada_Boost_Classifier,74.27,1043
Ada_Boost_Classifier,81.49,1044
Ada_Boost_Classifier,81.49,1045
Ada_Boost_Classifier,84.48,1046
Ada_Boost_Classifier,74.27,1047
Ada_Boost_Classifier,81.49,1048
Ada_Boost_Classifier,84.48,1049
Ada_Boost_Classifier,84.48,1050
Ada_Boost_Classifier,74.27,1051
Ada_Boost_Classifier,81.49,1052
Ada_Boost_Classifier,78.11,1053
Ada_Boost_Classifier,81.49,1054
Ada_Boost_Classifier,81.49,1055
Ada_Boost_Classifier,74.27,1056
Ada_Boost_Classifier,81.49,1057
Ada_Boost_Classifier,81.49,1058
Ada_Boost_Classifier,84.48,1059
Ada_Boost_Classifier,78.11,1060
Ada_Boost_Classifier,91.48,1061
Ada_Boost_Classifier,78.11,1062
Ada_Boost_Classifier,84.48,1063
Ada_Boost_Classifier,84.48,1064
Ada_Boost_Classifier,81.49,1065
Ada_Boost_Classifier,81.49,1066
Ada_Boost_Classifier,84.48,1067
Ada_Boost_Classifier,84.48,1068
Ada_Boost_Classifier,93.0,1069
Ada_Boost_Classifier,84.48,1070
Ada_Boost_Classifier,93.0,1071
Ada_Boost_Classifier,74.27,1072
Ada_Boost_Classifier,84.48,1073
Ada_Boost_Classifier,78.11,1074
Ada_Boost_Classifier,81.49,1075
Ada_Boost_Classifier,81.49,1076
Ada_Boost_Classifier,91.49,1077
Ada_Boost_Classifier,93.0,1078
Ada_Boost_Classifier,93.0,1079
Ada_Boost_Classifier,91.49,1080
Ada_Boost_Classifier,81.49,1081
Ada_Boost_Classifier,91.49,1082
Ada_Boost_Classifier,93.0,1083
Ada_Boost_Classifier,84.48,1084
Ada_Boost_Classifier,74.27,1085
Ada_Boost_Classifier,81.49,1086
Ada_Boost_Classifier,81.49,1087
Ada_Boost_Classifier,74.27,1088
Ada_Boost_Classifier,94.25,1089
Ada_Boost_Classifier,74.27,1090
Ada_Boost_Classifier,91.49,1091
Ada_Boost_Classifier,81.49,1092
Ada_Boost_Classifier,84.48,1093
Ada_Boost_Classifier,74.27,1094
Ada_Boost_Classifier,84.48,1095
Ada_Boost_Classifier,91.49,1096
Ada_Boost_Classifier,91.49,1097
Ada_Boost_Classifier,95.3,1098
Ada_Boost_Classifier,81.49,1099
Ada_Boost_Classifier,91.48,1100
Ada_Boost_Classifier,93.0,1101
Ada_Boost_Classifier,81.49,1102
Ada_Boost_Classifier,81.49,1103
Ada_Boost_Classifier,81.49,1104
Ada_Boost_Classifier,78.11,1105
Ada_Boost_Classifier,95.3,1106
Ada_Boost_Classifier,74.27,1107
Ada_Boost_Classifier,81.49,1108
Ada_Boost_Classifier,81.49,1109
Ada_Boost_Classifier,93.0,1110
Ada_Boost_Classifier,81.49,1111
Ada_Boost_Classifier,81.49,1112
Ada_Boost_Classifier,81.49,1113
Ada_Boost_Classifier,91.49,1114
Ada_Boost_Classifier,81.49,1115
Ada_Boost_Classifier,78.11,1116
Ada_Boost_Classifier,84.48,1117
Ada_Boost_Classifier,74.27,1118
Ada_Boost_Classifier,78.11,1119
Ada_Boost_Classifier,91.49,1120
Ada_Boost_Classifier,95.3,1121
Ada_Boost_Classifier,81.49,1122
Ada_Boost_Classifier,95.3,1123
Ada_Boost_Classifier,81.5,1124
Ada_Boost_Classifier,84.48,1125
Ada_Boost_Classifier,84.48,1126
Ada_Boost_Classifier,94.25,1127
Ada_Boost_Classifier,93.0,1128
Ada_Boost_Classifier,78.11,1129
Ada_Boost_Classifier,81.5,1130
Ada_Boost_Classifier,91.49,1131
Ada_Boost_Classifier,84.48,1132
Ada_Boost_Classifier,81.49,1133
Ada_Boost_Classifier,84.48,1134
Ada_Boost_Classifier,81.49,1135
Ada_Boost_Classifier,84.48,1136
Ada_Boost_Classifier,91.49,1137
Ada_Boost_Classifier,94.25,1138
Ada_Boost_Classifier,81.49,1139
Ada_Boost_Classifier,81.49,1140
Ada_Boost_Classifier,81.49,1141
Ada_Boost_Classifier,81.5,1142
Ada_Boost_Classifier,91.49,1143
Ada_Boost_Classifier,93.0,1144
Ada_Boost_Classifier,91.49,1145
Ada_Boost_Classifier,93.0,1146
Ada_Boost_Classifier,81.49,1147
Ada_Boost_Classifier,74.27,1148
Ada_Boost_Classifier,84.48,1149
Ada_Boost_Classifier,81.5,1150
Ada_Boost_Classifier,81.49,1151
Ada_Boost_Classifier,81.5,1152
Ada_Boost_Classifier,81.49,1153
Ada_Boost_Classifier,84.48,1154
Ada_Boost_Classifier,74.27,1155
Ada_Boost_Classifier,93.0,1156
Ada_Boost_Classifier,81.49,1157
Ada_Boost_Classifier,74.27,1158
Ada_Boost_Classifier,74.27,1159
Ada_Boost_Classifier,93.0,1160
Ada_Boost_Classifier,84.48,1161
Ada_Boost_Classifier,93.0,1162
Ada_Boost_Classifier,74.27,1163
Ada_Boost_Classifier,93.0,1164
Ada_Boost_Classifier,81.5,1165
Ada_Boost_Classifier,84.48,1166
Ada_Boost_Classifier,84.48,1167
Ada_Boost_Classifier,77.9,1168
Ada_Boost_Classifier,81.49,1169
Ada_Boost_Classifier,81.49,1170
Ada_Boost_Classifier,74.27,1171
Ada_Boost_Classifier,84.48,1172
Ada_Boost_Classifier,81.49,1173
Ada_Boost_Classifier,93.0,1174
Ada_Boost_Classifier,84.48,1175
Ada_Boost_Classifier,93.0,1176
Ada_Boost_Classifier,81.49,1177
Ada_Boost_Classifier,91.49,1178
Ada_Boost_Classifier,81.49,1179
Ada_Boost_Classifier,81.49,1180
Ada_Boost_Classifier,78.11,1181
Ada_Boost_Classifier,84.48,1182
Ada_Boost_Classifier,93.0,1183
Ada_Boost_Classifier,81.49,1184
Ada_Boost_Classifier,74.27,1185
Ada_Boost_Classifier,84.48,1186
Ada_Boost_Classifier,81.49,1187
Ada_Boost_Classifier,81.49,1188
Ada_Boost_Classifier,74.27,1189
Ada_Boost_Classifier,81.49,1190
Ada_Boost_Classifier,77.9,1191
Ada_Boost_Classifier,81.49,1192
Ada_Boost_Classifier,81.49,1193
Ada_Boost_Classifier,81.49,1194
Ada_Boost_Classifier,74.27,1195
Ada_Boost_Classifier,74.27,1196
Ada_Boost_Classifier,84.48,1197
Ada_Boost_Classifier,74.27,1198
Ada_Boost_Classifier,84.48,1199
Ada_Boost_Classifier,84.48,1200
Ada_Boost_Classifier,84.48,1201
Ada_Boost_Classifier,81.49,1202
Ada_Boost_Classifier,93.0,1203
Ada_Boost_Classifier,91.49,1204
Ada_Boost_Classifier,93.0,1205
Ada_Boost_Classifier,78.11,1206
Ada_Boost_Classifier,84.48,1207
Ada_Boost_Classifier,81.49,1208
Ada_Boost_Classifier,93.0,1209
Ada_Boost_Classifier,74.27,1210
Ada_Boost_Classifier,78.11,1211
Ada_Boost_Classifier,91.48,1212
Ada_Boost_Classifier,91.49,1213
Ada_Boost_Classifier,81.5,1214
Ada_Boost_Classifier,84.48,1215
Ada_Boost_Classifier,84.48,1216
Ada_Boost_Classifier,81.49,1217
Ada_Boost_Classifier,93.0,1218
Ada_Boost_Classifier,74.27,1219
Ada_Boost_Classifier,81.49,1220
Ada_Boost_Classifier,78.11,1221
Ada_Boost_Classifier,84.48,1222
Ada_Boost_Classifier,84.48,1223
Ada_Boost_Classifier,93.0,1224
Ada_Boost_Classifier,93.0,1225
Ada_Boost_Classifier,84.48,1226
Ada_Boost_Classifier,86.47,1227
Ada_Boost_Classifier,91.49,1228
Ada_Boost_Classifier,81.49,1229
Ada_Boost_Classifier,74.27,1230
Ada_Boost_Classifier,81.49,1231
Ada_Boost_Classifier,81.49,1232
Ada_Boost_Classifier,91.49,1233
Ada_Boost_Classifier,95.3,1234
Ada_Boost_Classifier,81.49,1235
Ada_Boost_Classifier,91.49,1236
Ada_Boost_Classifier,84.48,1237
Ada_Boost_Classifier,77.9,1238
Ada_Boost_Classifier,93.0,1239
Ada_Boost_Classifier,91.49,1240
Ada_Boost_Classifier,84.48,1241
Ada_Boost_Classifier,84.48,1242
Ada_Boost_Classifier,84.48,1243
Ada_Boost_Classifier,81.49,1244
Ada_Boost_Classifier,94.25,1245
Ada_Boost_Classifier,74.27,1246
Ada_Boost_Classifier,84.48,1247
Ada_Boost_Classifier,95.66,1248
Ada_Boost_Classifier,81.49,1249
Ada_Boost_Classifier,84.48,1250
Ada_Boost_Classifier,81.49,1251
Ada_Boost_Classifier,94.25,1252
Ada_Boost_Classifier,91.49,1253
Ada_Boost_Classifier,93.0,1254
Ada_Boost_Classifier,81.49,1255
Ada_Boost_Classifier,74.27,1256
Ada_Boost_Classifier,84.48,1257
Ada_Boost_Classifier,81.49,1258
Ada_Boost_Classifier,81.49,1259
Ada_Boost_Classifier,91.49,1260
Ada_Boost_Classifier,81.49,1261
Ada_Boost_Classifier,93.0,1262
Ada_Boost_Classifier,81.49,1263
Ada_Boost_Classifier,93.0,1264
Ada_Boost_Classifier,84.48,1265
Ada_Boost_Classifier,95.3,1266
Ada_Boost_Classifier,84.48,1267
Ada_Boost_Classifier,93.0,1268
Ada_Boost_Classifier,84.48,1269
Ada_Boost_Classifier,74.27,1270
Ada_Boost_Classifier,81.49,1271
Ada_Boost_Classifier,74.27,1272
Ada_Boost_Classifier,81.49,1273
Ada_Boost_Classifier,78.11,1274
Ada_Boost_Classifier,84.48,1275
Ada_Boost_Classifier,81.49,1276
Ada_Boost_Classifier,84.48,1277
Ada_Boost_Classifier,91.49,1278
Ada_Boost_Classifier,81.49,1279
Ada_Boost_Classifier,93.0,1280
Ada_Boost_Classifier,81.49,1281
Ada_Boost_Classifier,74.27,1282
Ada_Boost_Classifier,93.0,1283
Ada_Boost_Classifier,81.49,1284
Ada_Boost_Classifier,78.11,1285
Ada_Boost_Classifier,84.48,1286
Ada_Boost_Classifier,84.48,1287
Ada_Boost_Classifier,84.48,1288
Ada_Boost_Classifier,84.48,1289
Ada_Boost_Classifier,81.49,1290
Ada_Boost_Classifier,78.11,1291
Ada_Boost_Classifier,84.48,1292
Ada_Boost_Classifier,81.49,1293
Ada_Boost_Classifier,81.49,1294
Ada_Boost_Classifier,81.49,1295
Ada_Boost_Classifier,74.27,1296
Ada_Boost_Classifier,81.5,1297
Ada_Boost_Classifier,93.0,1298
Ada_Boost_Classifier,93.0,1299
Ada_Boost_Classifier,77.9,1300
Ada_Boost_Classifier,81.49,1301
Ada_Boost_Classifier,81.49,1302
Ada_Boost_Classifier,74.27,1303
Ada_Boost_Classifier,81.49,1304
Ada_Boost_Classifier,84.48,1305
Ada_Boost_Classifier,78.11,1306
Ada_Boost_Classifier,78.11,1307
Ada_Boost_Classifier,74.27,1308
Ada_Boost_Classifier,78.11,1309
Ada_Boost_Classifier,81.49,1310
Ada_Boost_Classifier,78.11,1311
Ada_Boost_Classifier,84.48,1312
Ada_Boost_Classifier,81.49,1313
Ada_Boost_Classifier,95.3,1314
Ada_Boost_Classifier,74.27,1315
Ada_Boost_Classifier,81.49,1316
Ada_Boost_Classifier,84.48,1317
Ada_Boost_Classifier,78.11,1318
Ada_Boost_Classifier,78.11,1319
Ada_Boost_Classifier,81.49,1320
Ada_Boost_Classifier,81.49,1321
Ada_Boost_Classifier,78.11,1322
Ada_Boost_Classifier,74.27,1323
Ada_Boost_Classifier,94.25,1324
Ada_Boost_Classifier,78.11,1325
Ada_Boost_Classifier,91.49,1326
Ada_Boost_Classifier,77.9,1327
Ada_Boost_Classifier,81.49,1328
Ada_Boost_Classifier,74.27,1329
Ada_Boost_Classifier,95.3,1330
Ada_Boost_Classifier,84.48,1331
Ada_Boost_Classifier,91.49,1332
Ada_Boost_Classifier,81.49,1333
Ada_Boost_Classifier,94.32,1334
Ada_Boost_Classifier,91.49,1335
Ada_Boost_Classifier,81.49,1336
Ada_Boost_Classifier,81.49,1337
Ada_Boost_Classifier,81.49,1338
Ada_Boost_Classifier,78.11,1339
Ada_Boost_Classifier,78.11,1340
Ada_Boost_Classifier,93.0,1341
Ada_Boost_Classifier,93.0,1342
Ada_Boost_Classifier,81.49,1343
Ada_Boost_Classifier,93.0,1344
Ada_Boost_Classifier,81.49,1345
Ada_Boost_Classifier,84.48,1346
Ada_Boost_Classifier,81.49,1347
Ada_Boost_Classifier,84.48,1348
Ada_Boost_Classifier,81.49,1349
Ada_Boost_Classifier,78.11,1350
Ada_Boost_Classifier,81.49,1351
Ada_Boost_Classifier,93.0,1352
Ada_Boost_Classifier,81.49,1353
Ada_Boost_Classifier,84.48,1354
Ada_Boost_Classifier,95.3,1355
Ada_Boost_Classifier,93.0,1356
Ada_Boost_Classifier,84.48,1357
Ada_Boost_Classifier,84.48,1358
Ada_Boost_Classifier,95.3,1359
Ada_Boost_Classifier,81.49,1360
Ada_Boost_Classifier,94.25,1361
Ada_Boost_Classifier,84.48,1362
Ada_Boost_Classifier,93.0,1363
Ada_Boost_Classifier,74.27,1364
Ada_Boost_Classifier,81.49,1365
Ada_Boost_Classifier,81.49,1366
Ada_Boost_Classifier,91.49,1367
Ada_Boost_Classifier,78.11,1368
Ada_Boost_Classifier,81.49,1369
Ada_Boost_Classifier,81.49,1370
Ada_Boost_Classifier,91.49,1371
Ada_Boost_Classifier,81.49,1372
Ada_Boost_Classifier,93.0,1373
Ada_Boost_Classifier,84.48,1374
Ada_Boost_Classifier,91.49,1375
Ada_Boost_Classifier,84.48,1376
Ada_Boost_Classifier,81.49,1377
Ada_Boost_Classifier,81.49,1378
Ada_Boost_Classifier,84.48,1379
Ada_Boost_Classifier,81.5,1380
Ada_Boost_Classifier,84.48,1381
Ada_Boost_Classifier,84.48,1382
Ada_Boost_Classifier,91.49,1383
Ada_Boost_Classifier,74.27,1384
Ada_Boost_Classifier,81.49,1385
Ada_Boost_Classifier,91.49,1386
Ada_Boost_Classifier,78.11,1387
Ada_Boost_Classifier,81.49,1388
Ada_Boost_Classifier,81.49,1389
Ada_Boost_Classifier,81.49,1390
Ada_Boost_Classifier,84.48,1391
Ada_Boost_Classifier,74.27,1392
Ada_Boost_Classifier,93.0,1393
Ada_Boost_Classifier,81.49,1394
Ada_Boost_Classifier,84.48,1395
Ada_Boost_Classifier,93.0,1396
Ada_Boost_Classifier,84.48,1397
Ada_Boost_Classifier,84.48,1398
Ada_Boost_Classifier,95.3,1399
Ada_Boost_Classifier,91.49,1400
Ada_Boost_Classifier,81.49,1401
Ada_Boost_Classifier,81.49,1402
Ada_Boost_Classifier,78.11,1403
Ada_Boost_Classifier,74.27,1404
Ada_Boost_Classifier,74.27,1405
Ada_Boost_Classifier,74.27,1406
Ada_Boost_Classifier,84.48,1407
Ada_Boost_Classifier,81.49,1408
Ada_Boost_Classifier,74.27,1409
Ada_Boost_Classifier,95.3,1410
Ada_Boost_Classifier,91.49,1411
Ada_Boost_Classifier,84.48,1412
Ada_Boost_Classifier,74.27,1413
Ada_Boost_Classifier,93.0,1414
Ada_Boost_Classifier,78.11,1415
Ada_Boost_Classifier,93.0,1416
Ada_Boost_Classifier,81.49,1417
Ada_Boost_Classifier,93.0,1418
Ada_Boost_Classifier,93.0,1419
Ada_Boost_Classifier,81.5,1420
Ada_Boost_Classifier,84.48,1421
Ada_Boost_Classifier,81.49,1422
Ada_Boost_Classifier,81.5,1423
Ada_Boost_Classifier,84.48,1424
Ada_Boost_Classifier,78.11,1425
Ada_Boost_Classifier,74.27,1426
Ada_Boost_Classifier,94.25,1427
Ada_Boost_Classifier,81.49,1428
Ada_Boost_Classifier,84.48,1429
Ada_Boost_Classifier,74.27,1430
Ada_Boost_Classifier,84.48,1431
Ada_Boost_Classifier,81.49,1432
Ada_Boost_Classifier,81.49,1433
Ada_Boost_Classifier,74.27,1434
Ada_Boost_Classifier,74.27,1435
Ada_Boost_Classifier,81.49,1436
Ada_Boost_Classifier,74.27,1437
Ada_Boost_Classifier,74.27,1438
Ada_Boost_Classifier,91.49,1439
Ada_Boost_Classifier,94.25,1440
Ada_Boost_Classifier,84.48,1441
Ada_Boost_Classifier,81.49,1442
Ada_Boost_Classifier,77.9,1443
Ada_Boost_Classifier,84.48,1444
Ada_Boost_Classifier,77.9,1445
Ada_Boost_Classifier,93.0,1446
Ada_Boost_Classifier,81.49,1447
Ada_Boost_Classifier,81.5,1448
Ada_Boost_Classifier,91.49,1449
Ada_Boost_Classifier,95.3,1450
Ada_Boost_Classifier,81.49,1451
Ada_Boost_Classifier,95.3,1452
Ada_Boost_Classifier,74.27,1453
Ada_Boost_Classifier,91.49,1454
Ada_Boost_Classifier,74.27,1455
Ada_Boost_Classifier,97.12,1456
Ada_Boost_Classifier,91.49,1457
Ada_Boost_Classifier,84.48,1458
Ada_Boost_Classifier,91.49,1459
Ada_Boost_Classifier,81.49,1460
Ada_Boost_Classifier,78.11,1461
Ada_Boost_Classifier,84.48,1462
Ada_Boost_Classifier,84.48,1463
Ada_Boost_Classifier,93.0,1464
Ada_Boost_Classifier,91.49,1465
Ada_Boost_Classifier,81.49,1466
Ada_Boost_Classifier,81.49,1467
Ada_Boost_Classifier,91.49,1468
Ada_Boost_Classifier,91.49,1469
Ada_Boost_Classifier,77.9,1470
Ada_Boost_Classifier,84.48,1471
Ada_Boost_Classifier,84.48,1472
Ada_Boost_Classifier,81.49,1473
Ada_Boost_Classifier,81.49,1474
Ada_Boost_Classifier,93.0,1475
Ada_Boost_Classifier,94.25,1476
Ada_Boost_Classifier,84.48,1477
Ada_Boost_Classifier,91.49,1478
Ada_Boost_Classifier,93.0,1479
Ada_Boost_Classifier,74.27,1480
Ada_Boost_Classifier,78.11,1481
Ada_Boost_Classifier,93.0,1482
Ada_Boost_Classifier,84.48,1483
Ada_Boost_Classifier,91.49,1484
Ada_Boost_Classifier,84.48,1485
Ada_Boost_Classifier,94.25,1486
Ada_Boost_Classifier,78.11,1487
Ada_Boost_Classifier,81.49,1488
Ada_Boost_Classifier,93.0,1489
Ada_Boost_Classifier,95.3,1490
Ada_Boost_Classifier,84.48,1491
Ada_Boost_Classifier,81.49,1492
Ada_Boost_Classifier,84.48,1493
Ada_Boost_Classifier,81.49,1494
Ada_Boost_Classifier,93.0,1495
Ada_Boost_Classifier,81.49,1496
Ada_Boost_Classifier,91.49,1497
Ada_Boost_Classifier,84.48,1498
Ada_Boost_Classifier,81.49,1499
Ada_Boost_Classifier,81.49,1500
Ada_Boost_Classifier,74.27,1501
Ada_Boost_Classifier,78.11,1502
Ada_Boost_Classifier,81.49,1503
Ada_Boost_Classifier,81.49,1504
Ada_Boost_Classifier,84.48,1505
Ada_Boost_Classifier,93.0,1506
Ada_Boost_Classifier,84.48,1507
Ada_Boost_Classifier,78.11,1508
Ada_Boost_Classifier,84.48,1509
Ada_Boost_Classifier,95.3,1510
Ada_Boost_Classifier,74.27,1511
Ada_Boost_Classifier,94.25,1512
Ada_Boost_Classifier,94.25,1513
Ada_Boost_Classifier,84.48,1514
Ada_Boost_Classifier,84.48,1515
Ada_Boost_Classifier,84.48,1516
Ada_Boost_Classifier,95.3,1517
Ada_Boost_Classifier,84.48,1518
Ada_Boost_Classifier,81.49,1519
Ada_Boost_Classifier,74.27,1520
Ada_Boost_Classifier,81.49,1521
Ada_Boost_Classifier,81.5,1522
Ada_Boost_Classifier,84.48,1523
Ada_Boost_Classifier,81.49,1524
Ada_Boost_Classifier,93.0,1525
Ada_Boost_Classifier,84.48,1526
Ada_Boost_Classifier,81.49,1527
Ada_Boost_Classifier,81.49,1528
Ada_Boost_Classifier,93.0,1529
Ada_Boost_Classifier,84.48,1530
Ada_Boost_Classifier,74.27,1531
Ada_Boost_Classifier,81.49,1532
Ada_Boost_Classifier,91.49,1533
Ada_Boost_Classifier,84.48,1534
Ada_Boost_Classifier,74.27,1535
Ada_Boost_Classifier,93.0,1536
Ada_Boost_Classifier,74.27,1537
Ada_Boost_Classifier,93.0,1538
Ada_Boost_Classifier,78.11,1539
Ada_Boost_Classifier,81.49,1540
Ada_Boost_Classifier,81.49,1541
Ada_Boost_Classifier,93.0,1542
Ada_Boost_Classifier,81.49,1543
Ada_Boost_Classifier,84.48,1544
Ada_Boost_Classifier,84.48,1545
Ada_Boost_Classifier,91.49,1546
Ada_Boost_Classifier,84.48,1547
Ada_Boost_Classifier,81.49,1548
Ada_Boost_Classifier,84.48,1549
Ada_Boost_Classifier,74.27,1550
Ada_Boost_Classifier,81.49,1551
Ada_Boost_Classifier,95.3,1552
Ada_Boost_Classifier,81.5,1553
Ada_Boost_Classifier,74.27,1554
Ada_Boost_Classifier,81.49,1555
Ada_Boost_Classifier,93.0,1556
Ada_Boost_Classifier,74.27,1557
Ada_Boost_Classifier,74.27,1558
Ada_Boost_Classifier,81.49,1559
Ada_Boost_Classifier,74.27,1560
Ada_Boost_Classifier,81.49,1561
Ada_Boost_Classifier,95.3,1562
Ada_Boost_Classifier,84.48,1563
Ada_Boost_Classifier,81.49,1564
Ada_Boost_Classifier,95.3,1565
Ada_Boost_Classifier,81.49,1566
Ada_Boost_Classifier,84.48,1567
Ada_Boost_Classifier,74.27,1568
Ada_Boost_Classifier,84.48,1569
Ada_Boost_Classifier,81.49,1570
Ada_Boost_Classifier,78.11,1571
Ada_Boost_Classifier,81.49,1572
Ada_Boost_Classifier,81.5,1573
Ada_Boost_Classifier,95.3,1574
Ada_Boost_Classifier,81.49,1575
Ada_Boost_Classifier,93.0,1576
Ada_Boost_Classifier,91.49,1577
Ada_Boost_Classifier,93.0,1578
Ada_Boost_Classifier,74.27,1579
Ada_Boost_Classifier,81.5,1580
Ada_Boost_Classifier,91.49,1581
Ada_Boost_Classifier,81.49,1582
Ada_Boost_Classifier,84.48,1583
Ada_Boost_Classifier,81.49,1584
Ada_Boost_Classifier,95.3,1585
Ada_Boost_Classifier,81.49,1586
Ada_Boost_Classifier,93.0,1587
Ada_Boost_Classifier,74.27,1588
Ada_Boost_Classifier,74.27,1589
Ada_Boost_Classifier,74.27,1590
Ada_Boost_Classifier,84.48,1591
Ada_Boost_Classifier,84.48,1592
Ada_Boost_Classifier,81.49,1593
Ada_Boost_Classifier,91.49,1594
Ada_Boost_Classifier,81.49,1595
Ada_Boost_Classifier,91.49,1596
Ada_Boost_Classifier,95.3,1597
Ada_Boost_Classifier,84.48,1598
Ada_Boost_Classifier,84.48,1599
Ada_Boost_Classifier,93.0,1600
Ada_Boost_Classifier,95.3,1601
Ada_Boost_Classifier,84.48,1602
Ada_Boost_Classifier,91.49,1603
Ada_Boost_Classifier,81.49,1604
Ada_Boost_Classifier,81.49,1605
Ada_Boost_Classifier,84.48,1606
Ada_Boost_Classifier,81.49,1607
Ada_Boost_Classifier,81.5,1608
Ada_Boost_Classifier,81.49,1609
Ada_Boost_Classifier,81.49,1610
Ada_Boost_Classifier,77.9,1611
Ada_Boost_Classifier,95.3,1612
Ada_Boost_Classifier,81.49,1613
Ada_Boost_Classifier,93.0,1614
Ada_Boost_Classifier,93.0,1615
Ada_Boost_Classifier,93.0,1616
Ada_Boost_Classifier,81.49,1617
Ada_Boost_Classifier,93.0,1618
Ada_Boost_Classifier,95.3,1619
Ada_Boost_Classifier,81.49,1620
Ada_Boost_Classifier,84.48,1621
Ada_Boost_Classifier,84.48,1622
Ada_Boost_Classifier,84.48,1623
Ada_Boost_Classifier,93.0,1624
Ada_Boost_Classifier,81.49,1625
Ada_Boost_Classifier,78.11,1626
Ada_Boost_Classifier,84.48,1627
Ada_Boost_Classifier,81.49,1628
Ada_Boost_Classifier,93.0,1629
Ada_Boost_Classifier,81.49,1630
Ada_Boost_Classifier,93.0,1631
Ada_Boost_Classifier,81.49,1632
Ada_Boost_Classifier,81.49,1633
Ada_Boost_Classifier,84.48,1634
Ada_Boost_Classifier,93.0,1635
Ada_Boost_Classifier,93.0,1636
Ada_Boost_Classifier,81.49,1637
Ada_Boost_Classifier,91.49,1638
Ada_Boost_Classifier,84.48,1639
Ada_Boost_Classifier,84.48,1640
Ada_Boost_Classifier,81.49,1641
Ada_Boost_Classifier,84.48,1642
Ada_Boost_Classifier,74.27,1643
Ada_Boost_Classifier,74.27,1644
Ada_Boost_Classifier,93.0,1645
Ada_Boost_Classifier,81.49,1646
Ada_Boost_Classifier,93.0,1647
Ada_Boost_Classifier,95.3,1648
Ada_Boost_Classifier,81.49,1649
Ada_Boost_Classifier,84.48,1650
Ada_Boost_Classifier,74.27,1651
Ada_Boost_Classifier,93.0,1652
Ada_Boost_Classifier,95.3,1653
Ada_Boost_Classifier,84.48,1654
Ada_Boost_Classifier,81.49,1655
Ada_Boost_Classifier,74.27,1656
Ada_Boost_Classifier,81.49,1657
Ada_Boost_Classifier,74.27,1658
Ada_Boost_Classifier,95.3,1659
Ada_Boost_Classifier,81.49,1660
Ada_Boost_Classifier,81.49,1661
Ada_Boost_Classifier,81.49,1662
Ada_Boost_Classifier,74.27,1663
Ada_Boost_Classifier,95.3,1664
Ada_Boost_Classifier,93.0,1665
Ada_Boost_Classifier,81.49,1666
Ada_Boost_Classifier,96.2,1667
Ada_Boost_Classifier,94.25,1668
Ada_Boost_Classifier,81.49,1669
Ada_Boost_Classifier,84.48,1670
Ada_Boost_Classifier,74.27,1671
Ada_Boost_Classifier,74.27,1672
Ada_Boost_Classifier,74.27,1673
Ada_Boost_Classifier,91.49,1674
Ada_Boost_Classifier,93.0,1675
Ada_Boost_Classifier,74.27,1676
Ada_Boost_Classifier,84.48,1677
Ada_Boost_Classifier,74.27,1678
Ada_Boost_Classifier,84.48,1679
Ada_Boost_Classifier,78.11,1680
Ada_Boost_Classifier,84.48,1681
Ada_Boost_Classifier,93.0,1682
Ada_Boost_Classifier,81.49,1683
Ada_Boost_Classifier,91.49,1684
Ada_Boost_Classifier,84.48,1685
Ada_Boost_Classifier,95.3,1686
Ada_Boost_Classifier,84.48,1687
Ada_Boost_Classifier,81.5,1688
Ada_Boost_Classifier,81.49,1689
Ada_Boost_Classifier,78.11,1690
Ada_Boost_Classifier,94.25,1691
Ada_Boost_Classifier,84.48,1692
Ada_Boost_Classifier,95.3,1693
Ada_Boost_Classifier,81.49,1694
Ada_Boost_Classifier,74.27,1695
Ada_Boost_Classifier,81.49,1696
Ada_Boost_Classifier,81.49,1697
Ada_Boost_Classifier,69.8,1698
Ada_Boost_Classifier,84.48,1699
Ada_Boost_Classifier,81.49,1700
Ada_Boost_Classifier,93.0,1701
Ada_Boost_Classifier,91.49,1702
Ada_Boost_Classifier,84.48,1703
Ada_Boost_Classifier,81.49,1704
Ada_Boost_Classifier,81.49,1705
Ada_Boost_Classifier,95.3,1706
Ada_Boost_Classifier,81.49,1707
Ada_Boost_Classifier,74.27,1708
Ada_Boost_Classifier,81.49,1709
Ada_Boost_Classifier,78.11,1710
Ada_Boost_Classifier,93.0,1711
Ada_Boost_Classifier,84.48,1712
Ada_Boost_Classifier,84.48,1713
Ada_Boost_Classifier,81.49,1714
Ada_Boost_Classifier,81.49,1715
Ada_Boost_Classifier,84.48,1716
Ada_Boost_Classifier,81.49,1717
Ada_Boost_Classifier,77.9,1718
Ada_Boost_Classifier,81.49,1719
Ada_Boost_Classifier,95.3,1720
Ada_Boost_Classifier,93.0,1721
Ada_Boost_Classifier,81.49,1722
Ada_Boost_Classifier,74.27,1723
Ada_Boost_Classifier,81.49,1724
Ada_Boost_Classifier,84.48,1725
Ada_Boost_Classifier,95.3,1726
Ada_Boost_Classifier,74.27,1727
Ada_Boost_Classifier,81.49,1728
Ada_Boost_Classifier,81.49,1729
Ada_Boost_Classifier,84.48,1730
Ada_Boost_Classifier,95.3,1731
Ada_Boost_Classifier,84.48,1732
Ada_Boost_Classifier,84.48,1733
Ada_Boost_Classifier,81.49,1734
Ada_Boost_Classifier,77.9,1735
Ada_Boost_Classifier,93.0,1736
Ada_Boost_Classifier,81.49,1737
Ada_Boost_Classifier,74.27,1738
Ada_Boost_Classifier,94.25,1739
Ada_Boost_Classifier,91.49,1740
Ada_Boost_Classifier,91.49,1741
Ada_Boost_Classifier,81.49,1742
Ada_Boost_Classifier,93.0,1743
Ada_Boost_Classifier,81.49,1744
Ada_Boost_Classifier,81.49,1745
Ada_Boost_Classifier,78.11,1746
Ada_Boost_Classifier,74.27,1747
Ada_Boost_Classifier,95.3,1748
Ada_Boost_Classifier,93.0,1749
Ada_Boost_Classifier,74.27,1750
Ada_Boost_Classifier,94.25,1751
Ada_Boost_Classifier,84.48,1752
Ada_Boost_Classifier,74.27,1753
Ada_Boost_Classifier,74.27,1754
Ada_Boost_Classifier,93.0,1755
Ada_Boost_Classifier,84.48,1756
Ada_Boost_Classifier,93.0,1757
Ada_Boost_Classifier,93.0,1758
Ada_Boost_Classifier,81.49,1759
Ada_Boost_Classifier,84.48,1760
Ada_Boost_Classifier,78.11,1761
Ada_Boost_Classifier,81.49,1762
Ada_Boost_Classifier,94.25,1763
Ada_Boost_Classifier,78.11,1764
Ada_Boost_Classifier,84.48,1765
Ada_Boost_Classifier,74.27,1766
Ada_Boost_Classifier,78.11,1767
Ada_Boost_Classifier,93.0,1768
Ada_Boost_Classifier,84.48,1769
Ada_Boost_Classifier,78.11,1770
Ada_Boost_Classifier,69.8,1771
Ada_Boost_Classifier,93.0,1772
Ada_Boost_Classifier,93.0,1773
Ada_Boost_Classifier,81.49,1774
Ada_Boost_Classifier,74.27,1775
Ada_Boost_Classifier,81.49,1776
Ada_Boost_Classifier,74.27,1777
Ada_Boost_Classifier,84.48,1778
Ada_Boost_Classifier,84.48,1779
Ada_Boost_Classifier,78.11,1780
Ada_Boost_Classifier,69.8,1781
Ada_Boost_Classifier,95.3,1782
Ada_Boost_Classifier,81.49,1783
Ada_Boost_Classifier,81.49,1784
Ada_Boost_Classifier,95.3,1785
Ada_Boost_Classifier,84.48,1786
Ada_Boost_Classifier,93.0,1787
Ada_Boost_Classifier,74.27,1788
Ada_Boost_Classifier,81.49,1789
Ada_Boost_Classifier,84.48,1790
Ada_Boost_Classifier,91.49,1791
Ada_Boost_Classifier,74.27,1792
Ada_Boost_Classifier,84.48,1793
Ada_Boost_Classifier,84.48,1794
Ada_Boost_Classifier,84.48,1795
Ada_Boost_Classifier,91.49,1796
Ada_Boost_Classifier,93.0,1797
Ada_Boost_Classifier,91.49,1798
Ada_Boost_Classifier,78.11,1799
Ada_Boost_Classifier,74.27,1800
Ada_Boost_Classifier,81.49,1801
Ada_Boost_Classifier,81.5,1802
Ada_Boost_Classifier,77.9,1803
Ada_Boost_Classifier,84.48,1804
Ada_Boost_Classifier,95.3,1805
Ada_Boost_Classifier,74.27,1806
Ada_Boost_Classifier,93.0,1807
Ada_Boost_Classifier,81.49,1808
Ada_Boost_Classifier,81.49,1809
Ada_Boost_Classifier,84.48,1810
Ada_Boost_Classifier,74.27,1811
Ada_Boost_Classifier,74.27,1812
Ada_Boost_Classifier,78.11,1813
Ada_Boost_Classifier,93.0,1814
Ada_Boost_Classifier,84.48,1815
Ada_Boost_Classifier,74.27,1816
Ada_Boost_Classifier,84.48,1817
Ada_Boost_Classifier,74.27,1818
Ada_Boost_Classifier,93.0,1819
Ada_Boost_Classifier,84.48,1820
Ada_Boost_Classifier,94.25,1821
Ada_Boost_Classifier,84.48,1822
Ada_Boost_Classifier,95.3,1823
Ada_Boost_Classifier,84.48,1824
Ada_Boost_Classifier,91.49,1825
Ada_Boost_Classifier,69.8,1826
Ada_Boost_Classifier,81.49,1827
Ada_Boost_Classifier,84.48,1828
Ada_Boost_Classifier,95.3,1829
Ada_Boost_Classifier,78.11,1830
Ada_Boost_Classifier,78.11,1831
Ada_Boost_Classifier,74.27,1832
Ada_Boost_Classifier,81.49,1833
Ada_Boost_Classifier,84.48,1834
Ada_Boost_Classifier,84.48,1835
Ada_Boost_Classifier,69.8,1836
Ada_Boost_Classifier,94.25,1837
Ada_Boost_Classifier,81.49,1838
Ada_Boost_Classifier,74.27,1839
Ada_Boost_Classifier,93.0,1840
Ada_Boost_Classifier,93.0,1841
Ada_Boost_Classifier,81.49,1842
Ada_Boost_Classifier,74.27,1843
Ada_Boost_Classifier,91.49,1844
Ada_Boost_Classifier,84.48,1845
Ada_Boost_Classifier,81.49,1846
Ada_Boost_Classifier,78.11,1847
Ada_Boost_Classifier,91.49,1848
Ada_Boost_Classifier,84.48,1849
Ada_Boost_Classifier,74.27,1850
Ada_Boost_Classifier,78.11,1851
Ada_Boost_Classifier,81.49,1852
Ada_Boost_Classifier,78.11,1853
Ada_Boost_Classifier,84.48,1854
Ada_Boost_Classifier,93.0,1855
Ada_Boost_Classifier,93.0,1856
Ada_Boost_Classifier,84.48,1857
Ada_Boost_Classifier,78.11,1858
Ada_Boost_Classifier,93.0,1859
Ada_Boost_Classifier,84.48,1860
Ada_Boost_Classifier,93.0,1861
Ada_Boost_Classifier,84.48,1862
Ada_Boost_Classifier,94.25,1863
Ada_Boost_Classifier,81.49,1864
Ada_Boost_Classifier,84.48,1865
Ada_Boost_Classifier,84.48,1866
Ada_Boost_Classifier,81.49,1867
Ada_Boost_Classifier,81.49,1868
Ada_Boost_Classifier,81.49,1869
Ada_Boost_Classifier,94.25,1870
Ada_Boost_Classifier,74.27,1871
Ada_Boost_Classifier,81.5,1872
Ada_Boost_Classifier,78.11,1873
Ada_Boost_Classifier,74.27,1874
Ada_Boost_Classifier,84.48,1875
Ada_Boost_Classifier,95.3,1876
Ada_Boost_Classifier,74.27,1877
Ada_Boost_Classifier,81.49,1878
Ada_Boost_Classifier,91.49,1879
Ada_Boost_Classifier,81.49,1880
Ada_Boost_Classifier,84.48,1881
Ada_Boost_Classifier,84.48,1882
Ada_Boost_Classifier,84.48,1883
Ada_Boost_Classifier,95.3,1884
Ada_Boost_Classifier,93.0,1885
Ada_Boost_Classifier,95.3,1886
Ada_Boost_Classifier,74.27,1887
Ada_Boost_Classifier,78.11,1888
Ada_Boost_Classifier,81.49,1889
Ada_Boost_Classifier,95.3,1890
Ada_Boost_Classifier,78.11,1891
Ada_Boost_Classifier,84.48,1892
Ada_Boost_Classifier,84.48,1893
Ada_Boost_Classifier,81.49,1894
Ada_Boost_Classifier,81.49,1895
Ada_Boost_Classifier,84.48,1896
Ada_Boost_Classifier,84.48,1897
Ada_Boost_Classifier,91.49,1898
Ada_Boost_Classifier,84.48,1899
Ada_Boost_Classifier,74.27,1900
Ada_Boost_Classifier,78.11,1901
Ada_Boost_Classifier,93.0,1902
Ada_Boost_Classifier,91.49,1903
Ada_Boost_Classifier,91.49,1904
Ada_Boost_Classifier,93.0,1905
Ada_Boost_Classifier,93.0,1906
Ada_Boost_Classifier,78.11,1907
Ada_Boost_Classifier,84.48,1908
Ada_Boost_Classifier,95.3,1909
Ada_Boost_Classifier,81.5,1910
Ada_Boost_Classifier,81.49,1911
Ada_Boost_Classifier,81.49,1912
Ada_Boost_Classifier,95.3,1913
Ada_Boost_Classifier,84.48,1914
Ada_Boost_Classifier,81.49,1915
Ada_Boost_Classifier,94.25,1916
Ada_Boost_Classifier,81.5,1917
Ada_Boost_Classifier,81.49,1918
Ada_Boost_Classifier,78.11,1919
Ada_Boost_Classifier,74.27,1920
Ada_Boost_Classifier,93.0,1921
Ada_Boost_Classifier,81.49,1922
Ada_Boost_Classifier,81.49,1923
Ada_Boost_Classifier,93.0,1924
Ada_Boost_Classifier,91.49,1925
Ada_Boost_Classifier,81.49,1926
Ada_Boost_Classifier,93.0,1927
Ada_Boost_Classifier,74.27,1928
Ada_Boost_Classifier,81.49,1929
Ada_Boost_Classifier,81.49,1930
Ada_Boost_Classifier,81.49,1931
Ada_Boost_Classifier,94.25,1932
Ada_Boost_Classifier,84.48,1933
Ada_Boost_Classifier,81.49,1934
Ada_Boost_Classifier,94.32,1935
Ada_Boost_Classifier,69.8,1936
Ada_Boost_Classifier,91.49,1937
Ada_Boost_Classifier,81.49,1938
Ada_Boost_Classifier,81.49,1939
Ada_Boost_Classifier,93.0,1940
Ada_Boost_Classifier,81.49,1941
Ada_Boost_Classifier,81.49,1942
Ada_Boost_Classifier,93.0,1943
Ada_Boost_Classifier,84.48,1944
Ada_Boost_Classifier,84.48,1945
Ada_Boost_Classifier,94.25,1946
Ada_Boost_Classifier,93.0,1947
Ada_Boost_Classifier,78.11,1948
Ada_Boost_Classifier,91.49,1949
Ada_Boost_Classifier,95.3,1950
Ada_Boost_Classifier,84.48,1951
Ada_Boost_Classifier,96.2,1952
Ada_Boost_Classifier,84.48,1953
Ada_Boost_Classifier,81.5,1954
Ada_Boost_Classifier,94.32,1955
Ada_Boost_Classifier,91.48,1956
Ada_Boost_Classifier,74.27,1957
Ada_Boost_Classifier,91.49,1958
Ada_Boost_Classifier,74.27,1959
Ada_Boost_Classifier,81.49,1960
Ada_Boost_Classifier,81.49,1961
Ada_Boost_Classifier,91.49,1962
Ada_Boost_Classifier,84.48,1963
Ada_Boost_Classifier,91.49,1964
Ada_Boost_Classifier,81.49,1965
Ada_Boost_Classifier,94.32,1966
Ada_Boost_Classifier,81.49,1967
Ada_Boost_Classifier,95.3,1968
Ada_Boost_Classifier,74.27,1969
Ada_Boost_Classifier,93.0,1970
Ada_Boost_Classifier,81.49,1971
Ada_Boost_Classifier,81.49,1972
Ada_Boost_Classifier,74.27,1973
Ada_Boost_Classifier,81.49,1974
Ada_Boost_Classifier,84.48,1975
Ada_Boost_Classifier,91.49,1976
Ada_Boost_Classifier,93.0,1977
Ada_Boost_Classifier,91.49,1978
Ada_Boost_Classifier,84.48,1979
Ada_Boost_Classifier,84.48,1980
Ada_Boost_Classifier,84.48,1981
Ada_Boost_Classifier,81.49,1982
Ada_Boost_Classifier,84.48,1983
Ada_Boost_Classifier,84.48,1984
Ada_Boost_Classifier,81.49,1985
Ada_Boost_Classifier,81.49,1986
Ada_Boost_Classifier,95.3,1987
Ada_Boost_Classifier,91.49,1988
Ada_Boost_Classifier,78.11,1989
Ada_Boost_Classifier,78.11,1990
Ada_Boost_Classifier,95.3,1991
Ada_Boost_Classifier,95.3,1992
Ada_Boost_Classifier,81.49,1993
Ada_Boost_Classifier,74.27,1994
Ada_Boost_Classifier,93.0,1995
Ada_Boost_Classifier,94.25,1996
Ada_Boost_Classifier,93.0,1997
Ada_Boost_Classifier,93.0,1998
Ada_Boost_Classifier,81.49,1999
Ada_Boost_Classifier,84.48,2000
Ada_Boost_Classifier,93.0,2001
Ada_Boost_Classifier,81.49,2002
Ada_Boost_Classifier,95.3,2003
Ada_Boost_Classifier,91.49,2004
Ada_Boost_Classifier,74.27,2005
Ada_Boost_Classifier,74.27,2006
Ada_Boost_Classifier,95.3,2007
Ada_Boost_Classifier,77.9,2008
Ada_Boost_Classifier,81.49,2009
Ada_Boost_Classifier,74.27,2010
Ada_Boost_Classifier,93.0,2011
Ada_Boost_Classifier,93.0,2012
Ada_Boost_Classifier,81.49,2013
Ada_Boost_Classifier,95.3,2014
Ada_Boost_Classifier,74.27,2015
Ada_Boost_Classifier,81.49,2016
Ada_Boost_Classifier,91.49,2017
Ada_Boost_Classifier,81.49,2018
Ada_Boost_Classifier,69.8,2019
Ada_Boost_Classifier,84.48,2020
Ada_Boost_Classifier,94.25,2021
Ada_Boost_Classifier,84.48,2022
Ada_Boost_Classifier,84.48,2023
Ada_Boost_Classifier,74.27,2024
Ada_Boost_Classifier,77.9,2025
Ada_Boost_Classifier,74.27,2026
Ada_Boost_Classifier,84.48,2027
Ada_Boost_Classifier,95.3,2028
Ada_Boost_Classifier,93.0,2029
Ada_Boost_Classifier,81.49,2030
Ada_Boost_Classifier,81.49,2031
Ada_Boost_Classifier,81.49,2032
Ada_Boost_Classifier,95.3,2033
Ada_Boost_Classifier,74.27,2034
Ada_Boost_Classifier,95.3,2035
Ada_Boost_Classifier,81.49,2036
Ada_Boost_Classifier,93.0,2037
Ada_Boost_Classifier,84.48,2038
Ada_Boost_Classifier,81.49,2039
Ada_Boost_Classifier,84.48,2040
Ada_Boost_Classifier,84.48,2041
Ada_Boost_Classifier,84.48,2042
Ada_Boost_Classifier,77.9,2043
Ada_Boost_Classifier,81.49,2044
Ada_Boost_Classifier,78.11,2045
Ada_Boost_Classifier,81.49,2046
Ada_Boost_Classifier,74.27,2047
Ada_Boost_Classifier,93.0,2048
Ada_Boost_Classifier,81.49,2049
Ada_Boost_Classifier,91.49,2050
Ada_Boost_Classifier,95.3,2051
Ada_Boost_Classifier,81.49,2052
Ada_Boost_Classifier,78.11,2053
Ada_Boost_Classifier,95.3,2054
Ada_Boost_Classifier,94.25,2055
Ada_Boost_Classifier,93.0,2056
Ada_Boost_Classifier,81.49,2057
Ada_Boost_Classifier,81.49,2058
Ada_Boost_Classifier,81.49,2059
Ada_Boost_Classifier,91.49,2060
Ada_Boost_Classifier,81.49,2061
Ada_Boost_Classifier,95.3,2062
Ada_Boost_Classifier,81.49,2063
Ada_Boost_Classifier,93.0,2064
Ada_Boost_Classifier,81.49,2065
Ada_Boost_Classifier,91.49,2066
Ada_Boost_Classifier,81.49,2067
Ada_Boost_Classifier,84.48,2068
Ada_Boost_Classifier,78.11,2069
Ada_Boost_Classifier,93.0,2070
Ada_Boost_Classifier,81.49,2071
Ada_Boost_Classifier,81.49,2072
Ada_Boost_Classifier,84.48,2073
Ada_Boost_Classifier,93.0,2074
Ada_Boost_Classifier,84.48,2075
Ada_Boost_Classifier,81.49,2076
Ada_Boost_Classifier,93.0,2077
Ada_Boost_Classifier,84.48,2078
Ada_Boost_Classifier,81.49,2079
Ada_Boost_Classifier,81.49,2080
Ada_Boost_Classifier,81.49,2081
Ada_Boost_Classifier,81.49,2082
Ada_Boost_Classifier,84.48,2083
Ada_Boost_Classifier,84.48,2084
Ada_Boost_Classifier,81.49,2085
Ada_Boost_Classifier,95.3,2086
Ada_Boost_Classifier,91.49,2087
Ada_Boost_Classifier,91.49,2088
Ada_Boost_Classifier,91.49,2089
Ada_Boost_Classifier,93.0,2090
Ada_Boost_Classifier,81.49,2091
Ada_Boost_Classifier,84.48,2092
Ada_Boost_Classifier,74.27,2093
Ada_Boost_Classifier,81.49,2094
Ada_Boost_Classifier,81.49,2095
Ada_Boost_Classifier,81.49,2096
Ada_Boost_Classifier,91.49,2097
Ada_Boost_Classifier,81.49,2098
Ada_Boost_Classifier,84.48,2099
Ada_Boost_Classifier,74.27,2100
Ada_Boost_Classifier,93.0,2101
Ada_Boost_Classifier,74.27,2102
Ada_Boost_Classifier,93.0,2103
Ada_Boost_Classifier,81.49,2104
Ada_Boost_Classifier,95.3,2105
Ada_Boost_Classifier,93.0,2106
Ada_Boost_Classifier,81.49,2107
Ada_Boost_Classifier,74.27,2108
Ada_Boost_Classifier,84.48,2109
Ada_Boost_Classifier,84.39,2110
Ada_Boost_Classifier,81.49,2111
Ada_Boost_Classifier,91.49,2112
Ada_Boost_Classifier,81.49,2113
Ada_Boost_Classifier,74.27,2114
Ada_Boost_Classifier,74.27,2115
Ada_Boost_Classifier,81.49,2116
Ada_Boost_Classifier,81.49,2117
Ada_Boost_Classifier,81.49,2118
Ada_Boost_Classifier,74.27,2119
Ada_Boost_Classifier,81.49,2120
Ada_Boost_Classifier,77.9,2121
Ada_Boost_Classifier,78.11,2122
Ada_Boost_Classifier,84.48,2123
Ada_Boost_Classifier,81.49,2124
Ada_Boost_Classifier,94.25,2125
Ada_Boost_Classifier,81.49,2126
Ada_Boost_Classifier,84.48,2127
Ada_Boost_Classifier,95.3,2128
Ada_Boost_Classifier,81.49,2129
Ada_Boost_Classifier,94.25,2130
Ada_Boost_Classifier,81.49,2131
Ada_Boost_Classifier,81.49,2132
Ada_Boost_Classifier,81.49,2133
Ada_Boost_Classifier,81.49,2134
Ada_Boost_Classifier,93.0,2135
Ada_Boost_Classifier,74.27,2136
Ada_Boost_Classifier,74.27,2137
Ada_Boost_Classifier,84.48,2138
Ada_Boost_Classifier,81.49,2139
Ada_Boost_Classifier,74.27,2140
Ada_Boost_Classifier,84.48,2141
Ada_Boost_Classifier,81.49,2142
Ada_Boost_Classifier,91.48,2143
Ada_Boost_Classifier,84.48,2144
Ada_Boost_Classifier,84.48,2145
Ada_Boost_Classifier,81.5,2146
Ada_Boost_Classifier,81.49,2147
Ada_Boost_Classifier,74.27,2148
Ada_Boost_Classifier,81.49,2149
Ada_Boost_Classifier,93.0,2150
Ada_Boost_Classifier,95.3,2151
Ada_Boost_Classifier,94.25,2152
Ada_Boost_Classifier,81.49,2153
Ada_Boost_Classifier,78.11,2154
Ada_Boost_Classifier,81.49,2155
Ada_Boost_Classifier,81.49,2156
Ada_Boost_Classifier,77.9,2157
Ada_Boost_Classifier,81.49,2158
Ada_Boost_Classifier,74.27,2159
Ada_Boost_Classifier,81.49,2160
Ada_Boost_Classifier,74.27,2161
Ada_Boost_Classifier,81.49,2162
Ada_Boost_Classifier,81.49,2163
Ada_Boost_Classifier,78.11,2164
Ada_Boost_Classifier,81.49,2165
Ada_Boost_Classifier,78.11,2166
Ada_Boost_Classifier,74.27,2167
Ada_Boost_Classifier,77.9,2168
Ada_Boost_Classifier,95.3,2169
Ada_Boost_Classifier,81.49,2170
Ada_Boost_Classifier,81.49,2171
Ada_Boost_Classifier,94.25,2172
Ada_Boost_Classifier,74.27,2173
Ada_Boost_Classifier,81.49,2174
Ada_Boost_Classifier,84.48,2175
Ada_Boost_Classifier,81.49,2176
Ada_Boost_Classifier,84.48,2177
Ada_Boost_Classifier,81.49,2178
Ada_Boost_Classifier,74.27,2179
Ada_Boost_Classifier,91.49,2180
Ada_Boost_Classifier,93.0,2181
